-- ============================================================
-- KGIS Full Migration — Clean slate approach
-- Run on PMS_DB_Dev in SSMS
-- ============================================================

-- STEP 1: Clear old data (safe order)
DELETE FROM PetitionAttachments;
DELETE FROM PetitionWorkflowLogs;
DELETE FROM ActionReports;
DELETE FROM Petitions;
DELETE FROM Taluks;
DELETE FROM Districts;
DBCC CHECKIDENT ('Districts', RESEED, 0);
DBCC CHECKIDENT ('Taluks', RESEED, 0);

-- STEP 2: Add KGIS columns if not exist
IF NOT EXISTS (SELECT 1 FROM sys.columns WHERE object_id=OBJECT_ID('Districts') AND name='KGISCode')
    ALTER TABLE Districts ADD KGISCode NVARCHAR(2) NULL;
IF NOT EXISTS (SELECT 1 FROM sys.columns WHERE object_id=OBJECT_ID('Districts') AND name='NameKN')
    ALTER TABLE Districts ADD NameKN NVARCHAR(100) NULL;
IF NOT EXISTS (SELECT 1 FROM sys.columns WHERE object_id=OBJECT_ID('Taluks') AND name='KGISCode')
    ALTER TABLE Taluks ADD KGISCode NVARCHAR(4) NULL;
IF NOT EXISTS (SELECT 1 FROM sys.columns WHERE object_id=OBJECT_ID('Taluks') AND name='NameKN')
    ALTER TABLE Taluks ADD NameKN NVARCHAR(100) NULL;

-- STEP 3: Create Hoblis table
IF OBJECT_ID('Hoblis','U') IS NOT NULL DROP TABLE Hoblis;
CREATE TABLE Hoblis (
    HobliId    INT IDENTITY(1,1) PRIMARY KEY,
    KGISCode   NVARCHAR(6)   NOT NULL,
    NameEN     NVARCHAR(100) NOT NULL,
    NameKN     NVARCHAR(100) NULL,
    TalukId    INT           NOT NULL,
    DistrictId INT           NOT NULL
);

-- STEP 4: Create Towns table (Urban)
IF OBJECT_ID('Towns','U') IS NOT NULL DROP TABLE Towns;
CREATE TABLE Towns (
    TownId     INT IDENTITY(1,1) PRIMARY KEY,
    KGISTownId INT           NOT NULL,
    KGISCode   NVARCHAR(4)   NOT NULL,
    NameEN     NVARCHAR(100) NOT NULL,
    TownType   NVARCHAR(10)  NULL,
    DistrictId INT           NOT NULL
);

-- STEP 5: Insert Districts (31)
SET IDENTITY_INSERT Districts ON;
INSERT INTO Districts (DistrictId,Name,KGISCode,NameKN) VALUES (1,N'Belagavi','01',N'ಬೆಳಗಾವಿ');
INSERT INTO Districts (DistrictId,Name,KGISCode,NameKN) VALUES (2,N'Bagalkote','02',N'ಬಾಗಲಕೋಟೆ');
INSERT INTO Districts (DistrictId,Name,KGISCode,NameKN) VALUES (3,N'Vijayapura','03',N'ವಿಜಯಪುರ');
INSERT INTO Districts (DistrictId,Name,KGISCode,NameKN) VALUES (4,N'Kalaburgi','04',N'ಕಲಬುರಗಿ');
INSERT INTO Districts (DistrictId,Name,KGISCode,NameKN) VALUES (5,N'Bidar','05',N'ಬೀದರ್');
INSERT INTO Districts (DistrictId,Name,KGISCode,NameKN) VALUES (6,N'Raichur','06',N'ರಾಯಚೂರು');
INSERT INTO Districts (DistrictId,Name,KGISCode,NameKN) VALUES (7,N'Koppal','07',N'ಕೊಪ್ಪಳ');
INSERT INTO Districts (DistrictId,Name,KGISCode,NameKN) VALUES (8,N'Gadag','08',N'ಗದಗ್');
INSERT INTO Districts (DistrictId,Name,KGISCode,NameKN) VALUES (9,N'Dharwad','09',N'ಧಾರವಾಡ');
INSERT INTO Districts (DistrictId,Name,KGISCode,NameKN) VALUES (10,N'Uttara Kannada','10',N'ಉತ್ತರ ಕನ್ನಡ');
INSERT INTO Districts (DistrictId,Name,KGISCode,NameKN) VALUES (11,N'Haveri','11',N'ಹಾವೇರಿ');
INSERT INTO Districts (DistrictId,Name,KGISCode,NameKN) VALUES (12,N'Ballari','12',N'ಬಳ್ಳಾರಿ');
INSERT INTO Districts (DistrictId,Name,KGISCode,NameKN) VALUES (13,N'Chitradurga','13',N'ಚಿತ್ರದುರ್ಗ');
INSERT INTO Districts (DistrictId,Name,KGISCode,NameKN) VALUES (14,N'Davanagere','14',N'ದಾವಣಗೆರೆ');
INSERT INTO Districts (DistrictId,Name,KGISCode,NameKN) VALUES (15,N'Shivamogga','15',N'ಶಿವಮೊಗ್ಗ');
INSERT INTO Districts (DistrictId,Name,KGISCode,NameKN) VALUES (16,N'Udupi','16',N'ಉಡುಪಿ');
INSERT INTO Districts (DistrictId,Name,KGISCode,NameKN) VALUES (17,N'Chikkamagaluru','17',N'ಚಿಕ್ಕಮಗಳೂರು');
INSERT INTO Districts (DistrictId,Name,KGISCode,NameKN) VALUES (18,N'Tumakuru','18',N'ತುಮಕೂರು');
INSERT INTO Districts (DistrictId,Name,KGISCode,NameKN) VALUES (19,N'Kolara','19',N'ಕೋಲಾರ');
INSERT INTO Districts (DistrictId,Name,KGISCode,NameKN) VALUES (20,N'Bengaluru (Urban)','20',N'ಬೆ೦ಗಳೂರು');
INSERT INTO Districts (DistrictId,Name,KGISCode,NameKN) VALUES (21,N'Bengaluru (Rural)','21',N'ಬೆ೦ಗಳೂರು ಗ್ರಾಮಾ೦ತರ');
INSERT INTO Districts (DistrictId,Name,KGISCode,NameKN) VALUES (22,N'Mandya','22',N'ಮಂಡ್ಯ');
INSERT INTO Districts (DistrictId,Name,KGISCode,NameKN) VALUES (23,N'Hassan','23',N'ಹಾಸನ');
INSERT INTO Districts (DistrictId,Name,KGISCode,NameKN) VALUES (24,N'Dakshina Kannada','24',N'ದಕ್ಷಿಣ ಕನ್ನಡ');
INSERT INTO Districts (DistrictId,Name,KGISCode,NameKN) VALUES (25,N'Kodagu','25',N'ಕೊಡಗು');
INSERT INTO Districts (DistrictId,Name,KGISCode,NameKN) VALUES (26,N'Mysuru','26',N'ಮೈಸೂರು');
INSERT INTO Districts (DistrictId,Name,KGISCode,NameKN) VALUES (27,N'Chamarajanagara','27',N'ಚಾಮರಾಜನಗರ');
INSERT INTO Districts (DistrictId,Name,KGISCode,NameKN) VALUES (28,N'Chikkaballapura','28',N'ಚಿಕ್ಕಬಳ್ಳಾಪುರ');
INSERT INTO Districts (DistrictId,Name,KGISCode,NameKN) VALUES (29,N'Bengaluru South','29',N'ಬೆಂಗಳೂರು ದಕ್ಷಿಣ');
INSERT INTO Districts (DistrictId,Name,KGISCode,NameKN) VALUES (30,N'Yadgir','30',N'ಯಾದಗಿರಿ');
INSERT INTO Districts (DistrictId,Name,KGISCode,NameKN) VALUES (31,N'Vijayanagara','31',N'ವಿಜಯನಗರ');
SET IDENTITY_INSERT Districts OFF;

-- STEP 6: Insert Taluks (249)
SET IDENTITY_INSERT Taluks ON;
INSERT INTO Taluks (TalukId,DistrictId,Name,KGISCode,NameKN) VALUES (1,1,N'Chikkodi','0101',N'ಚಿಕ್ಕೋಡಿ');
INSERT INTO Taluks (TalukId,DistrictId,Name,KGISCode,NameKN) VALUES (2,1,N'Athani','0102',N'ಅಥಣಿ');
INSERT INTO Taluks (TalukId,DistrictId,Name,KGISCode,NameKN) VALUES (3,1,N'Raibag','0103',N'ರಾಯಬಾಗ');
INSERT INTO Taluks (TalukId,DistrictId,Name,KGISCode,NameKN) VALUES (4,1,N'Gokak','0104',N'ಗೋಕಾಕ');
INSERT INTO Taluks (TalukId,DistrictId,Name,KGISCode,NameKN) VALUES (5,1,N'Hukkeri','0105',N'ಹುಕ್ಕೇರಿ');
INSERT INTO Taluks (TalukId,DistrictId,Name,KGISCode,NameKN) VALUES (6,1,N'Belagavi','0106',N'ಬೆಳಗಾವಿ');
INSERT INTO Taluks (TalukId,DistrictId,Name,KGISCode,NameKN) VALUES (7,1,N'Khanapur','0107',N'ಖಾನಾಪುರ');
INSERT INTO Taluks (TalukId,DistrictId,Name,KGISCode,NameKN) VALUES (8,1,N'Savadatti','0108',N'ಸವದತ್ತಿ');
INSERT INTO Taluks (TalukId,DistrictId,Name,KGISCode,NameKN) VALUES (9,1,N'Bailhongal','0109',N'ಬೈಲಹೊಂಗಲ');
INSERT INTO Taluks (TalukId,DistrictId,Name,KGISCode,NameKN) VALUES (10,1,N'Ramadurg','0110',N'ರಾಮದುರ್ಗ');
INSERT INTO Taluks (TalukId,DistrictId,Name,KGISCode,NameKN) VALUES (11,1,N'Kitthuru','0111',N'ಕಿತ್ತೂರ');
INSERT INTO Taluks (TalukId,DistrictId,Name,KGISCode,NameKN) VALUES (12,1,N'Nippani','0112',N'ನಿಪ್ಪಾಣಿ');
INSERT INTO Taluks (TalukId,DistrictId,Name,KGISCode,NameKN) VALUES (13,1,N'Kagwad','0113',N'ಕಾಗವಾಡ');
INSERT INTO Taluks (TalukId,DistrictId,Name,KGISCode,NameKN) VALUES (14,1,N'Mudalgi','0114',N'ಮೂಡಲಗಿ');
INSERT INTO Taluks (TalukId,DistrictId,Name,KGISCode,NameKN) VALUES (15,1,N'Yaragatti','0115',N'ಯರಗಟ್ಟಿ');
INSERT INTO Taluks (TalukId,DistrictId,Name,KGISCode,NameKN) VALUES (16,2,N'Jamakhandi','0201',N'ಜಮಖಂಡಿ');
INSERT INTO Taluks (TalukId,DistrictId,Name,KGISCode,NameKN) VALUES (17,2,N'Bilagi','0202',N'ಬೀಳಗಿ');
INSERT INTO Taluks (TalukId,DistrictId,Name,KGISCode,NameKN) VALUES (18,2,N'Mudhol','0203',N'ಮುಧೋಳ');
INSERT INTO Taluks (TalukId,DistrictId,Name,KGISCode,NameKN) VALUES (19,2,N'Badami','0204',N'ಬಾದಾಮಿ');
INSERT INTO Taluks (TalukId,DistrictId,Name,KGISCode,NameKN) VALUES (20,2,N'Bagalkote','0205',N'ಬಾಗಲಕೋಟೆ');
INSERT INTO Taluks (TalukId,DistrictId,Name,KGISCode,NameKN) VALUES (21,2,N'Hungund','0206',N'ಹುನಗು೦ದ');
INSERT INTO Taluks (TalukId,DistrictId,Name,KGISCode,NameKN) VALUES (22,2,N'Guledgudda','0207',N'ಗುಳೇದಗುಡ್ಡ');
INSERT INTO Taluks (TalukId,DistrictId,Name,KGISCode,NameKN) VALUES (23,2,N'Ilkal','0208',N'ಇಲಕಲ್ಲ');
INSERT INTO Taluks (TalukId,DistrictId,Name,KGISCode,NameKN) VALUES (24,2,N'Rabakavi-Banahatti','0209',N'ಜಮಖಂಡಿ');
INSERT INTO Taluks (TalukId,DistrictId,Name,KGISCode,NameKN) VALUES (25,2,N'Rabakavi-Banahatti','0209',N'ರಬಕವಿ ಬನಹಟ್ಟಿ');
INSERT INTO Taluks (TalukId,DistrictId,Name,KGISCode,NameKN) VALUES (26,2,N'Terdal','0210',N'ರಬಕವಿ ಬನಹಟ್ಟಿ');
INSERT INTO Taluks (TalukId,DistrictId,Name,KGISCode,NameKN) VALUES (27,3,N'Vijayapura','0301',N'ವಿಜಯಪುರ');
INSERT INTO Taluks (TalukId,DistrictId,Name,KGISCode,NameKN) VALUES (28,3,N'Indi','0302',N'ಇಂಡಿ');
INSERT INTO Taluks (TalukId,DistrictId,Name,KGISCode,NameKN) VALUES (29,3,N'Sindagi','0303',N'ಸಿಂದಗಿ');
INSERT INTO Taluks (TalukId,DistrictId,Name,KGISCode,NameKN) VALUES (30,3,N'Basavanabagewadi','0304',N'ಬಸವನ ಬಾಗೇವಾಡಿ');
INSERT INTO Taluks (TalukId,DistrictId,Name,KGISCode,NameKN) VALUES (31,3,N'Muddebihala','0305',N'ಮುದ್ದೇಬಿಹಾಳ');
INSERT INTO Taluks (TalukId,DistrictId,Name,KGISCode,NameKN) VALUES (32,3,N'Nidagundi','0306',N'ನಿಡಗುಂದಿ');
INSERT INTO Taluks (TalukId,DistrictId,Name,KGISCode,NameKN) VALUES (33,3,N'Babaleshwar','0307',N'ಬಬಲೇಶ್ವರ');
INSERT INTO Taluks (TalukId,DistrictId,Name,KGISCode,NameKN) VALUES (34,3,N'Chadchan','0308',N'ಚಡಚಣ');
INSERT INTO Taluks (TalukId,DistrictId,Name,KGISCode,NameKN) VALUES (35,3,N'Talikoti','0309',N'ತಾಳಿಕೋಟಿ');
INSERT INTO Taluks (TalukId,DistrictId,Name,KGISCode,NameKN) VALUES (36,3,N'Tikota','0310',N'ತಿಕೋಟಾ');
INSERT INTO Taluks (TalukId,DistrictId,Name,KGISCode,NameKN) VALUES (37,3,N'Kolhar','0311',N'ಕೋಲ್ಹಾರ');
INSERT INTO Taluks (TalukId,DistrictId,Name,KGISCode,NameKN) VALUES (38,3,N'Devara Hipparagi','0312',N'ದೇವರ ಹಿಪ್ಪರಗಿ');
INSERT INTO Taluks (TalukId,DistrictId,Name,KGISCode,NameKN) VALUES (39,3,N'Almel','0313',N'ಆಲಮೇಲ');
INSERT INTO Taluks (TalukId,DistrictId,Name,KGISCode,NameKN) VALUES (40,3,N'Almel','0313',N'ಸಿಂದಗಿ');
INSERT INTO Taluks (TalukId,DistrictId,Name,KGISCode,NameKN) VALUES (41,4,N'Aland','0401',N'ಆಳಂದ');
INSERT INTO Taluks (TalukId,DistrictId,Name,KGISCode,NameKN) VALUES (42,4,N'Afzalpur','0402',N'ಅಫಜಲ್ಪುರ');
INSERT INTO Taluks (TalukId,DistrictId,Name,KGISCode,NameKN) VALUES (43,4,N'Kalaburgi','0403',N'ಕಲಬುರಗಿ');
INSERT INTO Taluks (TalukId,DistrictId,Name,KGISCode,NameKN) VALUES (44,4,N'Chincholi','0404',N'ಚಿ೦ಚೋಳಿ');
INSERT INTO Taluks (TalukId,DistrictId,Name,KGISCode,NameKN) VALUES (45,4,N'Sedam','0405',N'ಸೇಡಂ');
INSERT INTO Taluks (TalukId,DistrictId,Name,KGISCode,NameKN) VALUES (46,4,N'Chittapur','0406',N'ಕಾಳಗಿ');
INSERT INTO Taluks (TalukId,DistrictId,Name,KGISCode,NameKN) VALUES (47,4,N'Chittapur','0406',N'ಚಿತ್ತಾಪುರ');
INSERT INTO Taluks (TalukId,DistrictId,Name,KGISCode,NameKN) VALUES (48,4,N'Chittapur','0406',N'ಶಾಹಾಬಾದ');
INSERT INTO Taluks (TalukId,DistrictId,Name,KGISCode,NameKN) VALUES (49,4,N'Jewargi','0407',N'ಜೇವರ್ಗಿ');
INSERT INTO Taluks (TalukId,DistrictId,Name,KGISCode,NameKN) VALUES (50,4,N'Kalagi','0411',N'ಕಮಲಾಪೂರ');
INSERT INTO Taluks (TalukId,DistrictId,Name,KGISCode,NameKN) VALUES (51,4,N'Kalagi','0411',N'ಕಾಳಗಿ');
INSERT INTO Taluks (TalukId,DistrictId,Name,KGISCode,NameKN) VALUES (52,4,N'Kamalapur','0412',N'ಕಮಲಾಪೂರ');
INSERT INTO Taluks (TalukId,DistrictId,Name,KGISCode,NameKN) VALUES (53,4,N'Yadrami','0413',N'ಜೇವರ್ಗಿ');
INSERT INTO Taluks (TalukId,DistrictId,Name,KGISCode,NameKN) VALUES (54,4,N'Yadrami','0413',N'ಯಡ್ರಾಮಿ');
INSERT INTO Taluks (TalukId,DistrictId,Name,KGISCode,NameKN) VALUES (55,4,N'Shahabad','0417',N'ಶಾಹಾಬಾದ');
INSERT INTO Taluks (TalukId,DistrictId,Name,KGISCode,NameKN) VALUES (56,5,N'Basavakalyan','0501',N'ಬಸವಕಲ್ಯಾಣ');
INSERT INTO Taluks (TalukId,DistrictId,Name,KGISCode,NameKN) VALUES (57,5,N'Bhalki','0502',N'ಭಾಲ್ಕಿ');
INSERT INTO Taluks (TalukId,DistrictId,Name,KGISCode,NameKN) VALUES (58,5,N'Aurad','0503',N'ಔರಾದ್');
INSERT INTO Taluks (TalukId,DistrictId,Name,KGISCode,NameKN) VALUES (59,5,N'Bidar','0504',N'ಬೀದರ್');
INSERT INTO Taluks (TalukId,DistrictId,Name,KGISCode,NameKN) VALUES (60,5,N'Humnabad','0505',N'ಹುಮನಾಬಾದ');
INSERT INTO Taluks (TalukId,DistrictId,Name,KGISCode,NameKN) VALUES (61,5,N'Chitguppa','0506',N'ಚಿಟಗುಪ್ಪಾ');
INSERT INTO Taluks (TalukId,DistrictId,Name,KGISCode,NameKN) VALUES (62,5,N'Kamalnagar','0507',N'ಕಮಲನಗರ');
INSERT INTO Taluks (TalukId,DistrictId,Name,KGISCode,NameKN) VALUES (63,5,N'Hulsoor','0508',N'ಹುಲಸೂರ');
INSERT INTO Taluks (TalukId,DistrictId,Name,KGISCode,NameKN) VALUES (64,6,N'Lingasuguru','0601',N'ಲಿಂಗಸುಗೂರು');
INSERT INTO Taluks (TalukId,DistrictId,Name,KGISCode,NameKN) VALUES (65,6,N'Devdurga','0602',N'ದೇವದುರ್ಗ');
INSERT INTO Taluks (TalukId,DistrictId,Name,KGISCode,NameKN) VALUES (66,6,N'Raichur','0603',N'ರಾಯಚೂರು');
INSERT INTO Taluks (TalukId,DistrictId,Name,KGISCode,NameKN) VALUES (67,6,N'Manvi','0604',N'ಮಾನ್ವಿ');
INSERT INTO Taluks (TalukId,DistrictId,Name,KGISCode,NameKN) VALUES (68,6,N'Sindhanuru','0605',N'ಸಿಂಧನೂರ');
INSERT INTO Taluks (TalukId,DistrictId,Name,KGISCode,NameKN) VALUES (69,6,N'Maski','0606',N'ಮಸ್ಕಿ');
INSERT INTO Taluks (TalukId,DistrictId,Name,KGISCode,NameKN) VALUES (70,6,N'Maski','0606',N'ಸಿಂಧನೂರ');
INSERT INTO Taluks (TalukId,DistrictId,Name,KGISCode,NameKN) VALUES (71,6,N'Sirwar','0607',N'ಸಿರವಾರ');
INSERT INTO Taluks (TalukId,DistrictId,Name,KGISCode,NameKN) VALUES (72,6,N'Arakera','0608',N'ಅರಕೇರ');
INSERT INTO Taluks (TalukId,DistrictId,Name,KGISCode,NameKN) VALUES (73,7,N'Yelburga','0701',N'ಯಲಬುರ್ಗಾ');
INSERT INTO Taluks (TalukId,DistrictId,Name,KGISCode,NameKN) VALUES (74,7,N'Kushtagi','0702',N'ಕುಷ್ಟಗಿ');
INSERT INTO Taluks (TalukId,DistrictId,Name,KGISCode,NameKN) VALUES (75,7,N'Gangavathi','0703',N'ಗ೦ಗಾವತಿ');
INSERT INTO Taluks (TalukId,DistrictId,Name,KGISCode,NameKN) VALUES (76,7,N'Koppal','0704',N'ಕೊಪ್ಪಳ');
INSERT INTO Taluks (TalukId,DistrictId,Name,KGISCode,NameKN) VALUES (77,7,N'Karatagi','0705',N'ಕಾರಟಗಿ');
INSERT INTO Taluks (TalukId,DistrictId,Name,KGISCode,NameKN) VALUES (78,7,N'Kukanoor','0706',N'ಕುಕನೂರ');
INSERT INTO Taluks (TalukId,DistrictId,Name,KGISCode,NameKN) VALUES (79,7,N'Kanakagiri','0707',N'ಕನಕಗಿರಿ');
INSERT INTO Taluks (TalukId,DistrictId,Name,KGISCode,NameKN) VALUES (80,8,N'Naragund','0801',N'ನರಗುಂದ');
INSERT INTO Taluks (TalukId,DistrictId,Name,KGISCode,NameKN) VALUES (81,8,N'Ron','0802',N'ಗಜೇಂದ್ರಗಡ');
INSERT INTO Taluks (TalukId,DistrictId,Name,KGISCode,NameKN) VALUES (82,8,N'Ron','0802',N'ರೋಣ');
INSERT INTO Taluks (TalukId,DistrictId,Name,KGISCode,NameKN) VALUES (83,8,N'Gadag','0803',N'ಗದಗ');
INSERT INTO Taluks (TalukId,DistrictId,Name,KGISCode,NameKN) VALUES (84,8,N'Shirahatti','0804',N'ಶಿರಹಟ್ಟಿ');
INSERT INTO Taluks (TalukId,DistrictId,Name,KGISCode,NameKN) VALUES (85,8,N'Mundargi','0805',N'ಮುಂಡರಗಿ');
INSERT INTO Taluks (TalukId,DistrictId,Name,KGISCode,NameKN) VALUES (86,8,N'Gajendragad','0806',N'ಗಜೇಂದ್ರಗಡ');
INSERT INTO Taluks (TalukId,DistrictId,Name,KGISCode,NameKN) VALUES (87,8,N'Laxmeshwar','0807',N'ಲಕ್ಷ್ಮೇಶ್ವರ');
INSERT INTO Taluks (TalukId,DistrictId,Name,KGISCode,NameKN) VALUES (88,9,N'Dharwad','0901',N'ಧಾರವಾಡ');
INSERT INTO Taluks (TalukId,DistrictId,Name,KGISCode,NameKN) VALUES (89,9,N'Navalagund','0902',N'ನವಲಗು೦ದ');
INSERT INTO Taluks (TalukId,DistrictId,Name,KGISCode,NameKN) VALUES (90,9,N'Hubballi','0903',N'ಹುಬ್ಬಳ್ಳಿ');
INSERT INTO Taluks (TalukId,DistrictId,Name,KGISCode,NameKN) VALUES (91,9,N'Kalgatgi','0904',N'ಕಲಘಟಗಿ');
INSERT INTO Taluks (TalukId,DistrictId,Name,KGISCode,NameKN) VALUES (92,9,N'Kundgol','0905',N'ಕುಂದಗೋಳ');
INSERT INTO Taluks (TalukId,DistrictId,Name,KGISCode,NameKN) VALUES (93,9,N'Hubballi Urban','0906',N'ಹುಬ್ಬಳ್ಳಿ ನಗರ');
INSERT INTO Taluks (TalukId,DistrictId,Name,KGISCode,NameKN) VALUES (94,9,N'Alnavar','0907',N'ಅಳ್ನಾವರ');
INSERT INTO Taluks (TalukId,DistrictId,Name,KGISCode,NameKN) VALUES (95,9,N'Annigeri','0908',N'ಅಣ್ಣಿಗೇರಿ');
INSERT INTO Taluks (TalukId,DistrictId,Name,KGISCode,NameKN) VALUES (96,10,N'Karwar','1001',N'ಕಾರವಾರ');
INSERT INTO Taluks (TalukId,DistrictId,Name,KGISCode,NameKN) VALUES (97,10,N'Joida','1002',N'ಜೋಯಿಡ');
INSERT INTO Taluks (TalukId,DistrictId,Name,KGISCode,NameKN) VALUES (98,10,N'Haliyal','1003',N'ಹಳಿಯಾಳ');
INSERT INTO Taluks (TalukId,DistrictId,Name,KGISCode,NameKN) VALUES (99,10,N'Yellapur','1004',N'ಯಲ್ಲಾಪುರ');
INSERT INTO Taluks (TalukId,DistrictId,Name,KGISCode,NameKN) VALUES (100,10,N'Mundgod','1005',N'ಮುಂಡಗೋಡ');
INSERT INTO Taluks (TalukId,DistrictId,Name,KGISCode,NameKN) VALUES (101,10,N'Sirsi','1006',N'ಶಿರಸಿ');
INSERT INTO Taluks (TalukId,DistrictId,Name,KGISCode,NameKN) VALUES (102,10,N'Ankola','1007',N'ಅಂಕೋಲಾ');
INSERT INTO Taluks (TalukId,DistrictId,Name,KGISCode,NameKN) VALUES (103,10,N'Kumta','1008',N'ಕುಮಟ');
INSERT INTO Taluks (TalukId,DistrictId,Name,KGISCode,NameKN) VALUES (104,10,N'Siddapur','1009',N'ಸಿದ್ದಾಪುರ');
INSERT INTO Taluks (TalukId,DistrictId,Name,KGISCode,NameKN) VALUES (105,10,N'Honnavar','1010',N'ಹೊನ್ನಾವರ');
INSERT INTO Taluks (TalukId,DistrictId,Name,KGISCode,NameKN) VALUES (106,10,N'Bhatkal','1011',N'ಭಟ್ಕಳ');
INSERT INTO Taluks (TalukId,DistrictId,Name,KGISCode,NameKN) VALUES (107,10,N'Dandeli','1012',N'ದಾಂಡೇಲಿ');
INSERT INTO Taluks (TalukId,DistrictId,Name,KGISCode,NameKN) VALUES (108,11,N'Shiggaon','1101',N'ಶಿಗ್ಗಾಂವ');
INSERT INTO Taluks (TalukId,DistrictId,Name,KGISCode,NameKN) VALUES (109,11,N'Savanur','1102',N'ಸವಣೂರ');
INSERT INTO Taluks (TalukId,DistrictId,Name,KGISCode,NameKN) VALUES (110,11,N'Hangal','1103',N'ಹಾನಗಲ್');
INSERT INTO Taluks (TalukId,DistrictId,Name,KGISCode,NameKN) VALUES (111,11,N'Haveri','1104',N'ಹಾವೇರಿ');
INSERT INTO Taluks (TalukId,DistrictId,Name,KGISCode,NameKN) VALUES (112,11,N'Byadagi','1105',N'ಬ್ಯಾಡಗಿ');
INSERT INTO Taluks (TalukId,DistrictId,Name,KGISCode,NameKN) VALUES (113,11,N'Hirekerur','1106',N'ಹಿರೇಕೆರೂರು');
INSERT INTO Taluks (TalukId,DistrictId,Name,KGISCode,NameKN) VALUES (114,11,N'Ranebennur','1107',N'ರಾಣಿಬೆನ್ನೂರು');
INSERT INTO Taluks (TalukId,DistrictId,Name,KGISCode,NameKN) VALUES (115,11,N'Rattihalli','1108',N'ರಟ್ಟೀಹಳ್ಳಿ');
INSERT INTO Taluks (TalukId,DistrictId,Name,KGISCode,NameKN) VALUES (116,12,N'Siruguppa','1204',N'ಸಿರುಗುಪ್ಪ');
INSERT INTO Taluks (TalukId,DistrictId,Name,KGISCode,NameKN) VALUES (117,12,N'Ballari','1205',N'ಬಳ್ಳಾರಿ');
INSERT INTO Taluks (TalukId,DistrictId,Name,KGISCode,NameKN) VALUES (118,12,N'Sonduru','1206',N'ಸ೦ಡೂರು');
INSERT INTO Taluks (TalukId,DistrictId,Name,KGISCode,NameKN) VALUES (119,12,N'Kurugodu','1208',N'ಕುರುಗೋಡು');
INSERT INTO Taluks (TalukId,DistrictId,Name,KGISCode,NameKN) VALUES (120,12,N'Kurugodu','1208',N'ಬಳ್ಳಾರಿ');
INSERT INTO Taluks (TalukId,DistrictId,Name,KGISCode,NameKN) VALUES (121,12,N'Kampli','1210',N'ಕಂಪ್ಲಿ');
INSERT INTO Taluks (TalukId,DistrictId,Name,KGISCode,NameKN) VALUES (122,13,N'Molakalmuru','1301',N'ಮೊಳಕಾಲ್ಮೂರು');
INSERT INTO Taluks (TalukId,DistrictId,Name,KGISCode,NameKN) VALUES (123,13,N'Challakere','1302',N'ಚಳ್ಳಕೆರೆ');
INSERT INTO Taluks (TalukId,DistrictId,Name,KGISCode,NameKN) VALUES (124,13,N'Chitradurga','1303',N'ಚಿತ್ರದುರ್ಗ');
INSERT INTO Taluks (TalukId,DistrictId,Name,KGISCode,NameKN) VALUES (125,13,N'Holalkere','1304',N'ಹೊಳಲ್ಕೆರೆ');
INSERT INTO Taluks (TalukId,DistrictId,Name,KGISCode,NameKN) VALUES (126,13,N'Hosadurga','1305',N'ಹೊಸದುರ್ಗ');
INSERT INTO Taluks (TalukId,DistrictId,Name,KGISCode,NameKN) VALUES (127,13,N'Hiriyur','1306',N'ಹಿರಿಯೂರು');
INSERT INTO Taluks (TalukId,DistrictId,Name,KGISCode,NameKN) VALUES (128,14,N'Harihar','1401',N'ಹರಿಹರ');
INSERT INTO Taluks (TalukId,DistrictId,Name,KGISCode,NameKN) VALUES (129,14,N'Jagaluru','1403',N'ಜಗಳೂರು');
INSERT INTO Taluks (TalukId,DistrictId,Name,KGISCode,NameKN) VALUES (130,14,N'Davanagere','1404',N'ದಾವಣಗೆರೆ');
INSERT INTO Taluks (TalukId,DistrictId,Name,KGISCode,NameKN) VALUES (131,14,N'Honnali','1405',N'ಹೊನ್ನಾಳಿ');
INSERT INTO Taluks (TalukId,DistrictId,Name,KGISCode,NameKN) VALUES (132,14,N'Channagiri','1406',N'ಚನ್ನಗಿರಿ');
INSERT INTO Taluks (TalukId,DistrictId,Name,KGISCode,NameKN) VALUES (133,14,N'Nyamati','1407',N'ನ್ಯಾಮತಿ');
INSERT INTO Taluks (TalukId,DistrictId,Name,KGISCode,NameKN) VALUES (134,15,N'Sagara','1501',N'ಸಾಗರ');
INSERT INTO Taluks (TalukId,DistrictId,Name,KGISCode,NameKN) VALUES (135,15,N'Soraba','1502',N'ಸೊರಬ');
INSERT INTO Taluks (TalukId,DistrictId,Name,KGISCode,NameKN) VALUES (136,15,N'Shikaripura','1503',N'ಶಿಕಾರಿಪುರ');
INSERT INTO Taluks (TalukId,DistrictId,Name,KGISCode,NameKN) VALUES (137,15,N'Hosanagar','1504',N'ಹೊಸನಗರ');
INSERT INTO Taluks (TalukId,DistrictId,Name,KGISCode,NameKN) VALUES (138,15,N'Thirthahalli','1505',N'ತೀರ್ಥಹಳ್ಳಿ');
INSERT INTO Taluks (TalukId,DistrictId,Name,KGISCode,NameKN) VALUES (139,15,N'Shivamogga','1506',N'ಶಿವಮೊಗ್ಗ');
INSERT INTO Taluks (TalukId,DistrictId,Name,KGISCode,NameKN) VALUES (140,15,N'Bhadravathi','1507',N'ಭದ್ರಾವತಿ');
INSERT INTO Taluks (TalukId,DistrictId,Name,KGISCode,NameKN) VALUES (141,16,N'Kundapura','1601',N'ಕು೦ದಾಪುರ');
INSERT INTO Taluks (TalukId,DistrictId,Name,KGISCode,NameKN) VALUES (142,16,N'Udupi','1602',N'ಉಡುಪಿ');
INSERT INTO Taluks (TalukId,DistrictId,Name,KGISCode,NameKN) VALUES (143,16,N'Karkala','1603',N'ಕಾರ್ಕಳ');
INSERT INTO Taluks (TalukId,DistrictId,Name,KGISCode,NameKN) VALUES (144,16,N'Bainduru','1604',N'ಬೈ೦ದೂರು');
INSERT INTO Taluks (TalukId,DistrictId,Name,KGISCode,NameKN) VALUES (145,16,N'Brahmavara','1605',N'ಬ್ರಹ್ಮಾವರ');
INSERT INTO Taluks (TalukId,DistrictId,Name,KGISCode,NameKN) VALUES (146,16,N'Kapu','1606',N'ಕಾಪು');
INSERT INTO Taluks (TalukId,DistrictId,Name,KGISCode,NameKN) VALUES (147,16,N'Hebri','1607',N'ಹೆಬ್ರಿ');
INSERT INTO Taluks (TalukId,DistrictId,Name,KGISCode,NameKN) VALUES (148,17,N'Sringeri','1701',N'ಶೃ೦ಗೇರಿ');
INSERT INTO Taluks (TalukId,DistrictId,Name,KGISCode,NameKN) VALUES (149,17,N'Koppa','1702',N'ಕೊಪ್ಪ');
INSERT INTO Taluks (TalukId,DistrictId,Name,KGISCode,NameKN) VALUES (150,17,N'Narasimharajapura','1703',N'ನರಸಿ೦ಹರಾಜಪುರ');
INSERT INTO Taluks (TalukId,DistrictId,Name,KGISCode,NameKN) VALUES (151,17,N'Tarikere','1704',N'ತರೀಕೆರೆ');
INSERT INTO Taluks (TalukId,DistrictId,Name,KGISCode,NameKN) VALUES (152,17,N'Kadur','1705',N'ಕಡೂರು');
INSERT INTO Taluks (TalukId,DistrictId,Name,KGISCode,NameKN) VALUES (153,17,N'Chikkamagaluru','1706',N'ಚಿಕ್ಕಮಗಳೂರು');
INSERT INTO Taluks (TalukId,DistrictId,Name,KGISCode,NameKN) VALUES (154,17,N'Mudigere','1707',N'ಮೂಡಿಗೆರೆ');
INSERT INTO Taluks (TalukId,DistrictId,Name,KGISCode,NameKN) VALUES (155,17,N'Ajjampura','1708',N'ಅಜ್ಜಂಪುರ');
INSERT INTO Taluks (TalukId,DistrictId,Name,KGISCode,NameKN) VALUES (156,17,N'Kalasa','1709',N'ಕಳಸ');
INSERT INTO Taluks (TalukId,DistrictId,Name,KGISCode,NameKN) VALUES (157,18,N'Chiknayakanahalli','1801',N'ಚಿಕ್ಕನಾಯಕನಹಳ್ಳಿ');
INSERT INTO Taluks (TalukId,DistrictId,Name,KGISCode,NameKN) VALUES (158,18,N'Sira','1802',N'ಸಿರಾ');
INSERT INTO Taluks (TalukId,DistrictId,Name,KGISCode,NameKN) VALUES (159,18,N'Pavagada','1803',N'ಪಾವಗಡ');
INSERT INTO Taluks (TalukId,DistrictId,Name,KGISCode,NameKN) VALUES (160,18,N'Madhugiri','1804',N'ಮಧುಗಿರಿ');
INSERT INTO Taluks (TalukId,DistrictId,Name,KGISCode,NameKN) VALUES (161,18,N'Koratagere','1805',N'ಕೊರಟಗೆರೆ');
INSERT INTO Taluks (TalukId,DistrictId,Name,KGISCode,NameKN) VALUES (162,18,N'Tumakuru','1806',N'ತುಮಕೂರು');
INSERT INTO Taluks (TalukId,DistrictId,Name,KGISCode,NameKN) VALUES (163,18,N'Gubbi','1807',N'ಗುಬ್ಬಿ');
INSERT INTO Taluks (TalukId,DistrictId,Name,KGISCode,NameKN) VALUES (164,18,N'Tiptur','1808',N'ತಿಪಟೂರು');
INSERT INTO Taluks (TalukId,DistrictId,Name,KGISCode,NameKN) VALUES (165,18,N'Turuvekere','1809',N'ತುರುವೇಕೆರೆ');
INSERT INTO Taluks (TalukId,DistrictId,Name,KGISCode,NameKN) VALUES (166,18,N'Kunigal','1810',N'ಕುಣಿಗಲ್');
INSERT INTO Taluks (TalukId,DistrictId,Name,KGISCode,NameKN) VALUES (167,19,N'Srinivaspura','1907',N'ಶ್ರೀನಿವಾಸಪುರ');
INSERT INTO Taluks (TalukId,DistrictId,Name,KGISCode,NameKN) VALUES (168,19,N'Kolara','1908',N'ಕೋಲಾರ');
INSERT INTO Taluks (TalukId,DistrictId,Name,KGISCode,NameKN) VALUES (169,19,N'Malur','1909',N'ಮಾಲೂರು');
INSERT INTO Taluks (TalukId,DistrictId,Name,KGISCode,NameKN) VALUES (170,19,N'Bangarpet','1910',N'ಬ೦ಗಾರಪೇಟೆ');
INSERT INTO Taluks (TalukId,DistrictId,Name,KGISCode,NameKN) VALUES (171,19,N'Mulabagilu','1911',N'ಮುಳಬಾಗಲು');
INSERT INTO Taluks (TalukId,DistrictId,Name,KGISCode,NameKN) VALUES (172,19,N'Kolar Gold Field','1912',N'ಕೆ.ಜಿ.ಎಫ್');
INSERT INTO Taluks (TalukId,DistrictId,Name,KGISCode,NameKN) VALUES (173,20,N'Bangalore-North','2001',N'ಬೆ೦ಗಳೂರು - ಉತ್ತರ');
INSERT INTO Taluks (TalukId,DistrictId,Name,KGISCode,NameKN) VALUES (174,20,N'Bangalore-South','2002',N'ಬೆ೦ಗಳೂರು - ದಕ್ಷಿಣ');
INSERT INTO Taluks (TalukId,DistrictId,Name,KGISCode,NameKN) VALUES (175,20,N'Anekal','2003',N'ಆನೇಕಲ್');
INSERT INTO Taluks (TalukId,DistrictId,Name,KGISCode,NameKN) VALUES (176,20,N'Bangalore-East','2004',N'ಬೆ೦ಗಳೂರು - ಪೂರ್ವ');
INSERT INTO Taluks (TalukId,DistrictId,Name,KGISCode,NameKN) VALUES (177,20,N'Yelahanka','2005',N'ಯಲಹಂಕ');
INSERT INTO Taluks (TalukId,DistrictId,Name,KGISCode,NameKN) VALUES (178,21,N'Nelamangala','2101',N'ನೆಲಮಂಗಲ');
INSERT INTO Taluks (TalukId,DistrictId,Name,KGISCode,NameKN) VALUES (179,21,N'Doddaballapura','2102',N'ದೊಡ್ಡಬಳ್ಳಾಪುರ');
INSERT INTO Taluks (TalukId,DistrictId,Name,KGISCode,NameKN) VALUES (180,21,N'Devanahalli','2103',N'ದೇವನಹಳ್ಳಿ');
INSERT INTO Taluks (TalukId,DistrictId,Name,KGISCode,NameKN) VALUES (181,21,N'Hoskote','2104',N'ಹೊಸಕೋಟೆ');
INSERT INTO Taluks (TalukId,DistrictId,Name,KGISCode,NameKN) VALUES (182,22,N'Krishnarajpet','2201',N'ಕೃಷ್ಣರಾಜಪೇಟೆ');
INSERT INTO Taluks (TalukId,DistrictId,Name,KGISCode,NameKN) VALUES (183,22,N'Nagamangala','2202',N'ನಾಗಮ೦ಗಲ');
INSERT INTO Taluks (TalukId,DistrictId,Name,KGISCode,NameKN) VALUES (184,22,N'Pandavpura','2203',N'ಪಾ೦ಡವಪುರ');
INSERT INTO Taluks (TalukId,DistrictId,Name,KGISCode,NameKN) VALUES (185,22,N'Srirangapatna','2204',N'ಶ್ರೀರಂಗಪಟ್ಟಣ');
INSERT INTO Taluks (TalukId,DistrictId,Name,KGISCode,NameKN) VALUES (186,22,N'Mandya','2205',N'ಮಂಡ್ಯ');
INSERT INTO Taluks (TalukId,DistrictId,Name,KGISCode,NameKN) VALUES (187,22,N'Maddur','2206',N'ಮದ್ದೂರು');
INSERT INTO Taluks (TalukId,DistrictId,Name,KGISCode,NameKN) VALUES (188,22,N'Malavalli','2207',N'ಮಳವಳ್ಳಿ');
INSERT INTO Taluks (TalukId,DistrictId,Name,KGISCode,NameKN) VALUES (189,23,N'Sakleshpura','2301',N'ಸಕಲೇಶಪುರ');
INSERT INTO Taluks (TalukId,DistrictId,Name,KGISCode,NameKN) VALUES (190,23,N'Belur','2302',N'ಬೇಲೂರು');
INSERT INTO Taluks (TalukId,DistrictId,Name,KGISCode,NameKN) VALUES (191,23,N'Arsikere','2303',N'ಅರಸೀಕೆರೆ');
INSERT INTO Taluks (TalukId,DistrictId,Name,KGISCode,NameKN) VALUES (192,23,N'Hassan','2304',N'ಹಾಸನ');
INSERT INTO Taluks (TalukId,DistrictId,Name,KGISCode,NameKN) VALUES (193,23,N'Alur','2305',N'ಆಲೂರು');
INSERT INTO Taluks (TalukId,DistrictId,Name,KGISCode,NameKN) VALUES (194,23,N'Arkalgud','2306',N'ಅರಕಲಗೂಡು');
INSERT INTO Taluks (TalukId,DistrictId,Name,KGISCode,NameKN) VALUES (195,23,N'Holenarasipura','2307',N'ಹೊಳೆನರಸೀಪುರ');
INSERT INTO Taluks (TalukId,DistrictId,Name,KGISCode,NameKN) VALUES (196,23,N'Channarayapatna','2308',N'ಚನ್ನರಾಯಪಟ್ಟಣ');
INSERT INTO Taluks (TalukId,DistrictId,Name,KGISCode,NameKN) VALUES (197,24,N'Mangaluru','2401',N'ಮ೦ಗಳೂರು');
INSERT INTO Taluks (TalukId,DistrictId,Name,KGISCode,NameKN) VALUES (198,24,N'Bantwal','2402',N'ಬ೦ಟ್ವಾಳ');
INSERT INTO Taluks (TalukId,DistrictId,Name,KGISCode,NameKN) VALUES (199,24,N'Belthangady','2403',N'ಬೆಳ್ತ೦ಗಡಿ');
INSERT INTO Taluks (TalukId,DistrictId,Name,KGISCode,NameKN) VALUES (200,24,N'Puttur','2404',N'ಪುತ್ತೂರು');
INSERT INTO Taluks (TalukId,DistrictId,Name,KGISCode,NameKN) VALUES (201,24,N'Sullia','2405',N'ಸುಳ್ಯ');
INSERT INTO Taluks (TalukId,DistrictId,Name,KGISCode,NameKN) VALUES (202,24,N'Moodubidire','2406',N'ಮೂಡಬಿದ್ರೆ');
INSERT INTO Taluks (TalukId,DistrictId,Name,KGISCode,NameKN) VALUES (203,24,N'Kadaba','2407',N'ಕಡಬ');
INSERT INTO Taluks (TalukId,DistrictId,Name,KGISCode,NameKN) VALUES (204,24,N'Mulki','2408',N'ಮುಲ್ಕಿ');
INSERT INTO Taluks (TalukId,DistrictId,Name,KGISCode,NameKN) VALUES (205,24,N'Ullala','2409',N'ಉಳ್ಳಾಲ');
INSERT INTO Taluks (TalukId,DistrictId,Name,KGISCode,NameKN) VALUES (206,25,N'Madikeri','2501',N'ಮಡಕೇರಿ');
INSERT INTO Taluks (TalukId,DistrictId,Name,KGISCode,NameKN) VALUES (207,25,N'Somavarapete','2502',N'ಸೋಮವಾರಪೇಟೆ');
INSERT INTO Taluks (TalukId,DistrictId,Name,KGISCode,NameKN) VALUES (208,25,N'Virajpet','2503',N'ವಿರಾಜಪೇಟೆ');
INSERT INTO Taluks (TalukId,DistrictId,Name,KGISCode,NameKN) VALUES (209,25,N'Ponnampet','2504',N'ಪೊನ್ನಂಪೇಟೆ');
INSERT INTO Taluks (TalukId,DistrictId,Name,KGISCode,NameKN) VALUES (210,25,N'Kushalnagar','2505',N'ಕುಶಾಲನಗರ');
INSERT INTO Taluks (TalukId,DistrictId,Name,KGISCode,NameKN) VALUES (211,26,N'Piriyapatna','2601',N'ಪಿರಿಯಾಪಟ್ಟಣ');
INSERT INTO Taluks (TalukId,DistrictId,Name,KGISCode,NameKN) VALUES (212,26,N'Hunsur','2602',N'ಹುಣಸೂರು');
INSERT INTO Taluks (TalukId,DistrictId,Name,KGISCode,NameKN) VALUES (213,26,N'K.R.Nagar','2603',N'ಕೃಷ್ಣರಾಜನಗರ');
INSERT INTO Taluks (TalukId,DistrictId,Name,KGISCode,NameKN) VALUES (214,26,N'Mysuru','2604',N'ಮೈಸೂರು');
INSERT INTO Taluks (TalukId,DistrictId,Name,KGISCode,NameKN) VALUES (215,26,N'Heggadadevanakote','2605',N'ಹೆಗ್ಗಡದೇವನ ಕೋಟೆ');
INSERT INTO Taluks (TalukId,DistrictId,Name,KGISCode,NameKN) VALUES (216,26,N'Nanjangud','2606',N'ನ೦ಜನಗೂಡು');
INSERT INTO Taluks (TalukId,DistrictId,Name,KGISCode,NameKN) VALUES (217,26,N'T.Narasipura','2607',N'ಟಿ.ನರಸೀಪುರ');
INSERT INTO Taluks (TalukId,DistrictId,Name,KGISCode,NameKN) VALUES (218,26,N'Saraguru','2608',N'ಸರಗೂರು');
INSERT INTO Taluks (TalukId,DistrictId,Name,KGISCode,NameKN) VALUES (219,26,N'Saligrama','2609',N'ಸಾಲಿಗ್ರಾಮ');
INSERT INTO Taluks (TalukId,DistrictId,Name,KGISCode,NameKN) VALUES (220,27,N'Gundlupet','2701',N'ಗು೦ಡ್ಲುಪೇಟೆ');
INSERT INTO Taluks (TalukId,DistrictId,Name,KGISCode,NameKN) VALUES (221,27,N'Chamarajanagara','2702',N'ಚಾಮರಾಜನಗರ');
INSERT INTO Taluks (TalukId,DistrictId,Name,KGISCode,NameKN) VALUES (222,27,N'Yalandur','2703',N'ಯಳ೦ದೂರು');
INSERT INTO Taluks (TalukId,DistrictId,Name,KGISCode,NameKN) VALUES (223,27,N'Kollegal','2704',N'ಕೊಳ್ಳೇಗಾಲ');
INSERT INTO Taluks (TalukId,DistrictId,Name,KGISCode,NameKN) VALUES (224,27,N'Hanur','2705',N'ಕೊಳ್ಳೇಗಾಲ (ಹನೂರು)');
INSERT INTO Taluks (TalukId,DistrictId,Name,KGISCode,NameKN) VALUES (225,28,N'Gauribidanur','2801',N'ಗೌರಿಬಿದನೂರು');
INSERT INTO Taluks (TalukId,DistrictId,Name,KGISCode,NameKN) VALUES (226,28,N'Chikkaballapura','2802',N'ಚಿಕ್ಕಬಳ್ಳಾಪುರ');
INSERT INTO Taluks (TalukId,DistrictId,Name,KGISCode,NameKN) VALUES (227,28,N'Gudibande','2803',N'ಗುಡಿಬ೦ಡೆ');
INSERT INTO Taluks (TalukId,DistrictId,Name,KGISCode,NameKN) VALUES (228,28,N'Bagepalli','2804',N'ಬಾಗೆಪಲ್ಲಿ');
INSERT INTO Taluks (TalukId,DistrictId,Name,KGISCode,NameKN) VALUES (229,28,N'Shidlagatta','2805',N'ಶಿಡ್ಲಘಟ್ಟ');
INSERT INTO Taluks (TalukId,DistrictId,Name,KGISCode,NameKN) VALUES (230,28,N'Chinthamani','2806',N'ಚಿ೦ತಾಮಣಿ');
INSERT INTO Taluks (TalukId,DistrictId,Name,KGISCode,NameKN) VALUES (231,28,N'Manchenahalli','2807',N'ಮಂಚೇನಹಳ್ಳಿ');
INSERT INTO Taluks (TalukId,DistrictId,Name,KGISCode,NameKN) VALUES (232,28,N'Chelur','2808',N'ಚೇಳೂರು');
INSERT INTO Taluks (TalukId,DistrictId,Name,KGISCode,NameKN) VALUES (233,29,N'Magadi','2901',N'ಮಾಗಡಿ');
INSERT INTO Taluks (TalukId,DistrictId,Name,KGISCode,NameKN) VALUES (234,29,N'Ramanagara','2902',N'ರಾಮನಗರ');
INSERT INTO Taluks (TalukId,DistrictId,Name,KGISCode,NameKN) VALUES (235,29,N'Channapatna','2903',N'ಚನ್ನಪಟ್ಟಣ');
INSERT INTO Taluks (TalukId,DistrictId,Name,KGISCode,NameKN) VALUES (236,29,N'Kanakpura','2904',N'ಕನಕಪುರ');
INSERT INTO Taluks (TalukId,DistrictId,Name,KGISCode,NameKN) VALUES (237,29,N'Harohalli','2905',N'ಹಾರೋಹಳ್ಳಿ');
INSERT INTO Taluks (TalukId,DistrictId,Name,KGISCode,NameKN) VALUES (238,30,N'Yadgir','3001',N'ಯಾದಗಿರಿ');
INSERT INTO Taluks (TalukId,DistrictId,Name,KGISCode,NameKN) VALUES (239,30,N'Shahpur','3002',N'ಶಹಾಪುರ');
INSERT INTO Taluks (TalukId,DistrictId,Name,KGISCode,NameKN) VALUES (240,30,N'Shorapur','3003',N'ಶೋರಾಪುರ');
INSERT INTO Taluks (TalukId,DistrictId,Name,KGISCode,NameKN) VALUES (241,30,N'Gurmitakal','3004',N'ಗುರುಮಿಟಕಲ');
INSERT INTO Taluks (TalukId,DistrictId,Name,KGISCode,NameKN) VALUES (242,30,N'Wadagera','3005',N'ವಡಗೇರ');
INSERT INTO Taluks (TalukId,DistrictId,Name,KGISCode,NameKN) VALUES (243,30,N'Hunasagi','3006',N'ಹುಣಿಸಿಗಿ');
INSERT INTO Taluks (TalukId,DistrictId,Name,KGISCode,NameKN) VALUES (244,31,N'Hosapete','3101',N'ಹೊಸಪೇಟೆ');
INSERT INTO Taluks (TalukId,DistrictId,Name,KGISCode,NameKN) VALUES (245,31,N'Kudligi','3102',N'ಕೂಡ್ಲಿಗಿ');
INSERT INTO Taluks (TalukId,DistrictId,Name,KGISCode,NameKN) VALUES (246,31,N'Hagaribommanahalli','3103',N'ಹಗರಿಬೊಮ್ಮನಹಳ್ಳಿ');
INSERT INTO Taluks (TalukId,DistrictId,Name,KGISCode,NameKN) VALUES (247,31,N'Harapanahalli','3104',N'ಹರಪನಹಳ್ಳಿ');
INSERT INTO Taluks (TalukId,DistrictId,Name,KGISCode,NameKN) VALUES (248,31,N'Kotturu','3105',N'ಕೊಟ್ಟೂರು');
INSERT INTO Taluks (TalukId,DistrictId,Name,KGISCode,NameKN) VALUES (249,31,N'Hadagali','3106',N'ಹಡಗಲಿ');
SET IDENTITY_INSERT Taluks OFF;

-- STEP 7: Insert Hoblis (852)
INSERT INTO Hoblis (KGISCode,NameEN,NameKN,TalukId,DistrictId) VALUES ('010101',N'Chikkodi',N'ಚಿಕ್ಕೋಡಿ',1,1);
INSERT INTO Hoblis (KGISCode,NameEN,NameKN,TalukId,DistrictId) VALUES ('010102',N'Sadalaga',N'ಸದಲಗಾ',1,1);
INSERT INTO Hoblis (KGISCode,NameEN,NameKN,TalukId,DistrictId) VALUES ('010104',N'Nagaramunnoli',N'ನಾಗರಮುನ್ನೊಳಿ',1,1);
INSERT INTO Hoblis (KGISCode,NameEN,NameKN,TalukId,DistrictId) VALUES ('010202',N'Anantapura',N'ಅನಂತಪೂರ',2,1);
INSERT INTO Hoblis (KGISCode,NameEN,NameKN,TalukId,DistrictId) VALUES ('010203',N'Telasanga',N'ತೆಲಸಂಗ',2,1);
INSERT INTO Hoblis (KGISCode,NameEN,NameKN,TalukId,DistrictId) VALUES ('010204',N'Athani',N'ಅಥಣಿ',2,1);
INSERT INTO Hoblis (KGISCode,NameEN,NameKN,TalukId,DistrictId) VALUES ('010301',N'Rayabaga',N'ರಾಯಬಾಗ',3,1);
INSERT INTO Hoblis (KGISCode,NameEN,NameKN,TalukId,DistrictId) VALUES ('010302',N'Kudachi',N'ಕುಡಚಿ',3,1);
INSERT INTO Hoblis (KGISCode,NameEN,NameKN,TalukId,DistrictId) VALUES ('010401',N'Gokaka',N'ಗೋಕಾಕ',4,1);
INSERT INTO Hoblis (KGISCode,NameEN,NameKN,TalukId,DistrictId) VALUES ('010403',N'Kowjalagi',N'ಕೌಜಲಗಿ',4,1);
INSERT INTO Hoblis (KGISCode,NameEN,NameKN,TalukId,DistrictId) VALUES ('010501',N'Hukkeri',N'ಹುಕ್ಕೇರಿ',5,1);
INSERT INTO Hoblis (KGISCode,NameEN,NameKN,TalukId,DistrictId) VALUES ('010502',N'Yamakanamardi',N'ಯಮಕನಮರ್ಡಿ',5,1);
INSERT INTO Hoblis (KGISCode,NameEN,NameKN,TalukId,DistrictId) VALUES ('010503',N'Sankeshvara',N'ಸಂಕೇಶ್ವರ',5,1);
INSERT INTO Hoblis (KGISCode,NameEN,NameKN,TalukId,DistrictId) VALUES ('010601',N'Bagevadi',N'ಬಾಗೇವಾಡಿ',6,1);
INSERT INTO Hoblis (KGISCode,NameEN,NameKN,TalukId,DistrictId) VALUES ('010602',N'Kakati',N'ಕಾಕತಿ',6,1);
INSERT INTO Hoblis (KGISCode,NameEN,NameKN,TalukId,DistrictId) VALUES ('010603',N'Uchaganva',N'ಉಚಗಾಂವ',6,1);
INSERT INTO Hoblis (KGISCode,NameEN,NameKN,TalukId,DistrictId) VALUES ('010604',N'Belagavi',N'ಬೆಳಗಾವಿ',6,1);
INSERT INTO Hoblis (KGISCode,NameEN,NameKN,TalukId,DistrictId) VALUES ('010701',N'Khanapura',N'ಖಾನಾಪೂರ',7,1);
INSERT INTO Hoblis (KGISCode,NameEN,NameKN,TalukId,DistrictId) VALUES ('010702',N'Beedi',N'ಬೀಡಿ',7,1);
INSERT INTO Hoblis (KGISCode,NameEN,NameKN,TalukId,DistrictId) VALUES ('010703',N'Gunji',N'ಗುಂಜಿ',7,1);
INSERT INTO Hoblis (KGISCode,NameEN,NameKN,TalukId,DistrictId) VALUES ('010704',N'Jamboti',N'ಜಾಂಬೋಟಿ',7,1);
INSERT INTO Hoblis (KGISCode,NameEN,NameKN,TalukId,DistrictId) VALUES ('010801',N'Savadatti',N'ಸವದತ್ತಿ',8,1);
INSERT INTO Hoblis (KGISCode,NameEN,NameKN,TalukId,DistrictId) VALUES ('010802',N'Munavalli',N'ಮುನವಳ್ಳಿ',8,1);
INSERT INTO Hoblis (KGISCode,NameEN,NameKN,TalukId,DistrictId) VALUES ('010804',N'Muragoda',N'ಮುರಗೋಡ',8,1);
INSERT INTO Hoblis (KGISCode,NameEN,NameKN,TalukId,DistrictId) VALUES ('010901',N'Bailahongala',N'ಬೈಲಹೊಂಗಲ',9,1);
INSERT INTO Hoblis (KGISCode,NameEN,NameKN,TalukId,DistrictId) VALUES ('010903',N'Nesaragi',N'ನೇಸರಗಿ',9,1);
INSERT INTO Hoblis (KGISCode,NameEN,NameKN,TalukId,DistrictId) VALUES ('011001',N'Surebana',N'ಸುರೇಬಾನ',10,1);
INSERT INTO Hoblis (KGISCode,NameEN,NameKN,TalukId,DistrictId) VALUES ('011002',N'Katakola',N'ಕಟಕೋಳ',10,1);
INSERT INTO Hoblis (KGISCode,NameEN,NameKN,TalukId,DistrictId) VALUES ('011003',N'Mudakavi',N'ಮುದಕವಿ',10,1);
INSERT INTO Hoblis (KGISCode,NameEN,NameKN,TalukId,DistrictId) VALUES ('011004',N'K Chandaragi',N'ಕೆ.ಚಂದರಗಿ',10,1);
INSERT INTO Hoblis (KGISCode,NameEN,NameKN,TalukId,DistrictId) VALUES ('011102',N'Kittura',N'ಕಿತ್ತೂರ',11,1);
INSERT INTO Hoblis (KGISCode,NameEN,NameKN,TalukId,DistrictId) VALUES ('011203',N'Nippani',N'ನಿಪ್ಪಾಣಿ',12,1);
INSERT INTO Hoblis (KGISCode,NameEN,NameKN,TalukId,DistrictId) VALUES ('011301',N'Kagavada',N'ಕಾಗವಾಡ',13,1);
INSERT INTO Hoblis (KGISCode,NameEN,NameKN,TalukId,DistrictId) VALUES ('011402',N'Arabhanvi',N'ಅರಭಾಂವಿ',14,1);
INSERT INTO Hoblis (KGISCode,NameEN,NameKN,TalukId,DistrictId) VALUES ('011503',N'Yaragatti',N'ಯರಗಟ್ಟಿ',15,1);
INSERT INTO Hoblis (KGISCode,NameEN,NameKN,TalukId,DistrictId) VALUES ('020101',N'Jamakhandi',N'ಜಮಖಂಡಿ',16,2);
INSERT INTO Hoblis (KGISCode,NameEN,NameKN,TalukId,DistrictId) VALUES ('020102',N'Savalagi',N'ಸಾವಳಗಿ',16,2);
INSERT INTO Hoblis (KGISCode,NameEN,NameKN,TalukId,DistrictId) VALUES ('020201',N'Beelagi',N'ಬೀಳಗಿ',17,2);
INSERT INTO Hoblis (KGISCode,NameEN,NameKN,TalukId,DistrictId) VALUES ('020202',N'Anagavadi',N'ಅನಗವಾಡಿ',17,2);
INSERT INTO Hoblis (KGISCode,NameEN,NameKN,TalukId,DistrictId) VALUES ('020301',N'Mudhola',N'ಮುಧೋಳ',18,2);
INSERT INTO Hoblis (KGISCode,NameEN,NameKN,TalukId,DistrictId) VALUES ('020302',N'Lokapura',N'ಲೋಕಾಪೂರ',18,2);
INSERT INTO Hoblis (KGISCode,NameEN,NameKN,TalukId,DistrictId) VALUES ('020401',N'Badami',N'ಬಾದಾಮಿ',19,2);
INSERT INTO Hoblis (KGISCode,NameEN,NameKN,TalukId,DistrictId) VALUES ('020402',N'Kerura',N'ಕೆರೂರ',19,2);
INSERT INTO Hoblis (KGISCode,NameEN,NameKN,TalukId,DistrictId) VALUES ('020404',N'Kulageri',N'ಕುಳಗೇರಿ',19,2);
INSERT INTO Hoblis (KGISCode,NameEN,NameKN,TalukId,DistrictId) VALUES ('020501',N'Bagalakota',N'ಬಾಗಲಕೋಟ',20,2);
INSERT INTO Hoblis (KGISCode,NameEN,NameKN,TalukId,DistrictId) VALUES ('020502',N'Kaladagi',N'ಕಲಾದಗಿ',20,2);
INSERT INTO Hoblis (KGISCode,NameEN,NameKN,TalukId,DistrictId) VALUES ('020503',N'Seetimani',N'ಸೀತಿಮನಿ',20,2);
INSERT INTO Hoblis (KGISCode,NameEN,NameKN,TalukId,DistrictId) VALUES ('020601',N'Ameenagada',N'ಅಮೀನಗಡ',21,2);
INSERT INTO Hoblis (KGISCode,NameEN,NameKN,TalukId,DistrictId) VALUES ('020602',N'Hunagunda',N'ಹುನಗುಂದ',21,2);
INSERT INTO Hoblis (KGISCode,NameEN,NameKN,TalukId,DistrictId) VALUES ('020604',N'Karadi',N'ಕರಡಿ',21,2);
INSERT INTO Hoblis (KGISCode,NameEN,NameKN,TalukId,DistrictId) VALUES ('020703',N'Guledagudda',N'ಗುಳೇದಗುಡ್ಡ',22,2);
INSERT INTO Hoblis (KGISCode,NameEN,NameKN,TalukId,DistrictId) VALUES ('020801',N'Ameenagada',N'ಅಮೀನಗಡ',23,2);
INSERT INTO Hoblis (KGISCode,NameEN,NameKN,TalukId,DistrictId) VALUES ('020803',N'Ilakalla',N'ಇಲಕಲ್ಲ',23,2);
INSERT INTO Hoblis (KGISCode,NameEN,NameKN,TalukId,DistrictId) VALUES ('020804',N'Karadi',N'ಕರಡಿ',23,2);
INSERT INTO Hoblis (KGISCode,NameEN,NameKN,TalukId,DistrictId) VALUES ('020903',N'Teradala',N'ಜಮಖಂಡಿ',25,2);
INSERT INTO Hoblis (KGISCode,NameEN,NameKN,TalukId,DistrictId) VALUES ('020901',N'Mudhola',N'ಮುಧೋಳ',25,2);
INSERT INTO Hoblis (KGISCode,NameEN,NameKN,TalukId,DistrictId) VALUES ('020903',N'Teradala',N'ತೇರದಾಳ',25,2);
INSERT INTO Hoblis (KGISCode,NameEN,NameKN,TalukId,DistrictId) VALUES ('021003',N'Teradala',N'ತೇರದಾಳ',26,2);
INSERT INTO Hoblis (KGISCode,NameEN,NameKN,TalukId,DistrictId) VALUES ('030101',N'Bijapura',N'ಬಿಜಾಪೂರ',27,3);
INSERT INTO Hoblis (KGISCode,NameEN,NameKN,TalukId,DistrictId) VALUES ('030104',N'Nagatana',N'ನಾಗಠಾಣ',27,3);
INSERT INTO Hoblis (KGISCode,NameEN,NameKN,TalukId,DistrictId) VALUES ('030201',N'Indi',N'ಇಂಡಿ',28,3);
INSERT INTO Hoblis (KGISCode,NameEN,NameKN,TalukId,DistrictId) VALUES ('030202',N'Ballolli',N'ಬಳ್ಳೊಳ್ಳಿ',28,3);
INSERT INTO Hoblis (KGISCode,NameEN,NameKN,TalukId,DistrictId) VALUES ('030301',N'Sindagi',N'ಸಿಂದಗಿ',29,3);
INSERT INTO Hoblis (KGISCode,NameEN,NameKN,TalukId,DistrictId) VALUES ('030401',N'Ba Bagevadi',N'ಬ.ಬಾಗೇವಾಡಿ',30,3);
INSERT INTO Hoblis (KGISCode,NameEN,NameKN,TalukId,DistrictId) VALUES ('030402',N'Ho Hipparagi',N'ಹೂ.ಹಿಪ್ಪರಗಿ',30,3);
INSERT INTO Hoblis (KGISCode,NameEN,NameKN,TalukId,DistrictId) VALUES ('030403',N'Managuli',N'ಮನಗೂಳಿ',30,3);
INSERT INTO Hoblis (KGISCode,NameEN,NameKN,TalukId,DistrictId) VALUES ('030501',N'Muddebihala',N'ಮುದ್ದೇಬಿಹಾಳ',31,3);
INSERT INTO Hoblis (KGISCode,NameEN,NameKN,TalukId,DistrictId) VALUES ('030502',N'Davalagi',N'ಢವಳಗಿ',31,3);
INSERT INTO Hoblis (KGISCode,NameEN,NameKN,TalukId,DistrictId) VALUES ('030504',N'Nalatavada',N'ನಾಲತವಾಡ',31,3);
INSERT INTO Hoblis (KGISCode,NameEN,NameKN,TalukId,DistrictId) VALUES ('030604',N'Nidagundi',N'ನಿಡಗುಂದಿ',32,3);
INSERT INTO Hoblis (KGISCode,NameEN,NameKN,TalukId,DistrictId) VALUES ('030702',N'Babaleshvara',N'ಬಬಲೇಶ್ವರ',33,3);
INSERT INTO Hoblis (KGISCode,NameEN,NameKN,TalukId,DistrictId) VALUES ('030703',N'Mamadapura',N'ಮಮದಾಪೂರ',33,3);
INSERT INTO Hoblis (KGISCode,NameEN,NameKN,TalukId,DistrictId) VALUES ('030803',N'Chadachana',N'ಚಡಚಣ',34,3);
INSERT INTO Hoblis (KGISCode,NameEN,NameKN,TalukId,DistrictId) VALUES ('030902',N'Davalagi',N'ಢವಳಗಿ',35,3);
INSERT INTO Hoblis (KGISCode,NameEN,NameKN,TalukId,DistrictId) VALUES ('030903',N'Talikoti',N'ತಾಳಿಕೋಟಿ',35,3);
INSERT INTO Hoblis (KGISCode,NameEN,NameKN,TalukId,DistrictId) VALUES ('030904',N'Devara Hipparagi',N'ದೇವರ ಹಿಪ್ಪರಗಿ',35,3);
INSERT INTO Hoblis (KGISCode,NameEN,NameKN,TalukId,DistrictId) VALUES ('030905',N'Ho Hipparagi',N'ಹೂ.ಹಿಪ್ಪರಗಿ',35,3);
INSERT INTO Hoblis (KGISCode,NameEN,NameKN,TalukId,DistrictId) VALUES ('031005',N'Tikota',N'ತಿಕೋಟಾ',36,3);
INSERT INTO Hoblis (KGISCode,NameEN,NameKN,TalukId,DistrictId) VALUES ('031103',N'Kolhara',N'ಕೋಲ್ಹಾರ',37,3);
INSERT INTO Hoblis (KGISCode,NameEN,NameKN,TalukId,DistrictId) VALUES ('031202',N'Ho Hipparagi',N'ಹೂ.ಹಿಪ್ಪರಗಿ',38,3);
INSERT INTO Hoblis (KGISCode,NameEN,NameKN,TalukId,DistrictId) VALUES ('031203',N'Devara Hipparagi',N'ದೇವರ ಹಿಪ್ಪರಗಿ',38,3);
INSERT INTO Hoblis (KGISCode,NameEN,NameKN,TalukId,DistrictId) VALUES ('031302',N'Alamela',N'ಆಲಮೇಲ',40,3);
INSERT INTO Hoblis (KGISCode,NameEN,NameKN,TalukId,DistrictId) VALUES ('031302',N'Alamela',N'ಸಿಂದಗಿ',40,3);
INSERT INTO Hoblis (KGISCode,NameEN,NameKN,TalukId,DistrictId) VALUES ('040101',N'Alanda',N'ಆಳಂದ',41,4);
INSERT INTO Hoblis (KGISCode,NameEN,NameKN,TalukId,DistrictId) VALUES ('040102',N'Narona',N'ನರೋಣಾ',41,4);
INSERT INTO Hoblis (KGISCode,NameEN,NameKN,TalukId,DistrictId) VALUES ('040103',N'Nimbarga',N'ನಿಂಬರ್ಗಾ',41,4);
INSERT INTO Hoblis (KGISCode,NameEN,NameKN,TalukId,DistrictId) VALUES ('040104',N'Madanahipparaga',N'ಮಾದನಹಿಪ್ಪರಗಾ',41,4);
INSERT INTO Hoblis (KGISCode,NameEN,NameKN,TalukId,DistrictId) VALUES ('040105',N'Khajuri',N'ಖಜೂರಿ',41,4);
INSERT INTO Hoblis (KGISCode,NameEN,NameKN,TalukId,DistrictId) VALUES ('040201',N'Atanura',N'ಅತನೂರ',42,4);
INSERT INTO Hoblis (KGISCode,NameEN,NameKN,TalukId,DistrictId) VALUES ('040202',N'Afajalapura',N'ಅಫಜಲಪೂರ',42,4);
INSERT INTO Hoblis (KGISCode,NameEN,NameKN,TalukId,DistrictId) VALUES ('040203',N'Karajagi',N'ಕರಜಗಿ',42,4);
INSERT INTO Hoblis (KGISCode,NameEN,NameKN,TalukId,DistrictId) VALUES ('040301',N'Pattana',N'ಪಟ್ಟಣ',43,4);
INSERT INTO Hoblis (KGISCode,NameEN,NameKN,TalukId,DistrictId) VALUES ('040302',N'Gulabarga',N'ಗುಲಬರ್ಗಾ',43,4);
INSERT INTO Hoblis (KGISCode,NameEN,NameKN,TalukId,DistrictId) VALUES ('040303',N'Avarada B',N'ಅವರಾದ (ಬಿ)',43,4);
INSERT INTO Hoblis (KGISCode,NameEN,NameKN,TalukId,DistrictId) VALUES ('040303',N'Avarada B',N'ಅವರಾದ ಬಿ',43,4);
INSERT INTO Hoblis (KGISCode,NameEN,NameKN,TalukId,DistrictId) VALUES ('040305',N'Farahatabada',N'ಫರಹತಾಬಾದ',43,4);
INSERT INTO Hoblis (KGISCode,NameEN,NameKN,TalukId,DistrictId) VALUES ('040401',N'Sulepeta',N'ಸುಲೇಪೇಟ',44,4);
INSERT INTO Hoblis (KGISCode,NameEN,NameKN,TalukId,DistrictId) VALUES ('040402',N'Chincholi',N'ಚಿಂಚೋಳಿ',44,4);
INSERT INTO Hoblis (KGISCode,NameEN,NameKN,TalukId,DistrictId) VALUES ('040403',N'Kodli',N'ಕೋಡ್ಲಿ',44,4);
INSERT INTO Hoblis (KGISCode,NameEN,NameKN,TalukId,DistrictId) VALUES ('040404',N'Ainapura',N'ಐನಾಪೂರ',44,4);
INSERT INTO Hoblis (KGISCode,NameEN,NameKN,TalukId,DistrictId) VALUES ('040501',N'Sedam',N'ಸೇಡಂ',45,4);
INSERT INTO Hoblis (KGISCode,NameEN,NameKN,TalukId,DistrictId) VALUES ('040502',N'Adaki',N'ಅಡಕಿ',45,4);
INSERT INTO Hoblis (KGISCode,NameEN,NameKN,TalukId,DistrictId) VALUES ('040503',N'Mudola',N'ಮುದೋಳ',45,4);
INSERT INTO Hoblis (KGISCode,NameEN,NameKN,TalukId,DistrictId) VALUES ('040504',N'Kodla',N'ಕೊಡ್ಲ',45,4);
INSERT INTO Hoblis (KGISCode,NameEN,NameKN,TalukId,DistrictId) VALUES ('040604',N'Gundagurti',N'ಕಾಳಗಿ',48,4);
INSERT INTO Hoblis (KGISCode,NameEN,NameKN,TalukId,DistrictId) VALUES ('040602',N'Nalavara',N'ನಾಲವಾರ',48,4);
INSERT INTO Hoblis (KGISCode,NameEN,NameKN,TalukId,DistrictId) VALUES ('040604',N'Gundagurti',N'ಗುಂಡಗುರ್ತಿ',48,4);
INSERT INTO Hoblis (KGISCode,NameEN,NameKN,TalukId,DistrictId) VALUES ('040605',N'Chittapura',N'ಚಿತ್ತಾಪೂರ',48,4);
INSERT INTO Hoblis (KGISCode,NameEN,NameKN,TalukId,DistrictId) VALUES ('040604',N'Gundagurti',N'ಶಾಹಾಬಾದ',48,4);
INSERT INTO Hoblis (KGISCode,NameEN,NameKN,TalukId,DistrictId) VALUES ('040701',N'Jevargi',N'ಜೇವರ್ಗಿ',49,4);
INSERT INTO Hoblis (KGISCode,NameEN,NameKN,TalukId,DistrictId) VALUES ('040702',N'Andola',N'ಆಂದೋಲ',49,4);
INSERT INTO Hoblis (KGISCode,NameEN,NameKN,TalukId,DistrictId) VALUES ('040704',N'Nelogi',N'ನೆಲೋಗಿ',49,4);
INSERT INTO Hoblis (KGISCode,NameEN,NameKN,TalukId,DistrictId) VALUES ('041101',N'Kalagi',N'ಕಮಲಾಪೂರ',51,4);
INSERT INTO Hoblis (KGISCode,NameEN,NameKN,TalukId,DistrictId) VALUES ('041103',N'Kodli',N'ಕಮಲಾಪೂರ',51,4);
INSERT INTO Hoblis (KGISCode,NameEN,NameKN,TalukId,DistrictId) VALUES ('041101',N'Kalagi',N'ಕಾಳಗಿ',51,4);
INSERT INTO Hoblis (KGISCode,NameEN,NameKN,TalukId,DistrictId) VALUES ('041103',N'Kodli',N'ಕೋಡ್ಲಿ',51,4);
INSERT INTO Hoblis (KGISCode,NameEN,NameKN,TalukId,DistrictId) VALUES ('041204',N'Mahaganva',N'ಮಹಾಗಾಂವ',52,4);
INSERT INTO Hoblis (KGISCode,NameEN,NameKN,TalukId,DistrictId) VALUES ('041206',N'Kamalapura',N'ಕಮಲಾಪೂರ',52,4);
INSERT INTO Hoblis (KGISCode,NameEN,NameKN,TalukId,DistrictId) VALUES ('041303',N'Ijeri',N'ನೆಲೋಗಿ',54,4);
INSERT INTO Hoblis (KGISCode,NameEN,NameKN,TalukId,DistrictId) VALUES ('041302',N'Andola',N'ಆಂದೋಲ',54,4);
INSERT INTO Hoblis (KGISCode,NameEN,NameKN,TalukId,DistrictId) VALUES ('041303',N'Ijeri',N'ಇಜೇರಿ',54,4);
INSERT INTO Hoblis (KGISCode,NameEN,NameKN,TalukId,DistrictId) VALUES ('041305',N'Yadrami',N'ಯಡ್ರಾಮಿ',54,4);
INSERT INTO Hoblis (KGISCode,NameEN,NameKN,TalukId,DistrictId) VALUES ('041703',N'Shahabada',N'ಶಾಹಾಬಾದ',55,4);
INSERT INTO Hoblis (KGISCode,NameEN,NameKN,TalukId,DistrictId) VALUES ('050101',N'Basavakalyana',N'ಬಸವಕಲ್ಯಾಣ',56,5);
INSERT INTO Hoblis (KGISCode,NameEN,NameKN,TalukId,DistrictId) VALUES ('050102',N'Mantala',N'ಮಂಠಾಳ',56,5);
INSERT INTO Hoblis (KGISCode,NameEN,NameKN,TalukId,DistrictId) VALUES ('050103',N'Rajeshvara',N'ರಾಜೆಶ್ವರ',56,5);
INSERT INTO Hoblis (KGISCode,NameEN,NameKN,TalukId,DistrictId) VALUES ('050104',N'Mudabi',N'ಮುಡಬಿ',56,5);
INSERT INTO Hoblis (KGISCode,NameEN,NameKN,TalukId,DistrictId) VALUES ('050105',N'Kohinura',N'ಕೊಹಿನೂರ',56,5);
INSERT INTO Hoblis (KGISCode,NameEN,NameKN,TalukId,DistrictId) VALUES ('050201',N'Bhalki',N'ಭಾಲ್ಕಿ',57,5);
INSERT INTO Hoblis (KGISCode,NameEN,NameKN,TalukId,DistrictId) VALUES ('050202',N'Sayaganva',N'ಸಾಯಗಾಂವ',57,5);
INSERT INTO Hoblis (KGISCode,NameEN,NameKN,TalukId,DistrictId) VALUES ('050203',N'Nitturabh',N'ನಿಟ್ಟೂರ(B)',57,5);
INSERT INTO Hoblis (KGISCode,NameEN,NameKN,TalukId,DistrictId) VALUES ('050204',N'Khataka Chinchuli',N'ಖಟಕ ಚಿಂಚೂಳಿ',57,5);
INSERT INTO Hoblis (KGISCode,NameEN,NameKN,TalukId,DistrictId) VALUES ('050205',N'Lakhanaganva',N'ಲಖಣಗಾಂವ',57,5);
INSERT INTO Hoblis (KGISCode,NameEN,NameKN,TalukId,DistrictId) VALUES ('050206',N'Halabarga',N'ಹಲಬರ್ಗಾ',57,5);
INSERT INTO Hoblis (KGISCode,NameEN,NameKN,TalukId,DistrictId) VALUES ('050301',N'Owradabi',N'ಔರಾದ(ಬಿ)',58,5);
INSERT INTO Hoblis (KGISCode,NameEN,NameKN,TalukId,DistrictId) VALUES ('050302',N'Chintaki',N'ಚಿಂತಾಕಿ',58,5);
INSERT INTO Hoblis (KGISCode,NameEN,NameKN,TalukId,DistrictId) VALUES ('050303',N'Santapura',N'ಸಂತಪೂರ',58,5);
INSERT INTO Hoblis (KGISCode,NameEN,NameKN,TalukId,DistrictId) VALUES ('050401',N'Beedara Uttara',N'ಬೀದರ ಉತ್ತರ',59,5);
INSERT INTO Hoblis (KGISCode,NameEN,NameKN,TalukId,DistrictId) VALUES ('050402',N'Beedaradakshina',N'ಬೀದರದಕ್ಷಿಣ',59,5);
INSERT INTO Hoblis (KGISCode,NameEN,NameKN,TalukId,DistrictId) VALUES ('050403',N'Mannalli',N'ಮನ್ನಳ್ಳಿ',59,5);
INSERT INTO Hoblis (KGISCode,NameEN,NameKN,TalukId,DistrictId) VALUES ('050404',N'Bagadala',N'ಬಗದಲ',59,5);
INSERT INTO Hoblis (KGISCode,NameEN,NameKN,TalukId,DistrictId) VALUES ('050405',N'Kamatana',N'ಕಮಠಾಣಾ',59,5);
INSERT INTO Hoblis (KGISCode,NameEN,NameKN,TalukId,DistrictId) VALUES ('050406',N'Janavada',N'ಜನವಾಡ',59,5);
INSERT INTO Hoblis (KGISCode,NameEN,NameKN,TalukId,DistrictId) VALUES ('050501',N'Humanabada',N'ಹುಮನಾಬಾದ',60,5);
INSERT INTO Hoblis (KGISCode,NameEN,NameKN,TalukId,DistrictId) VALUES ('050502',N'Hallilikhedabi',N'ಹಳ್ಳಿಳಿಖೇಡ(ಬಿ)',60,5);
INSERT INTO Hoblis (KGISCode,NameEN,NameKN,TalukId,DistrictId) VALUES ('050503',N'Dubalagundi',N'ದುಬಲಗುಂಡಿ',60,5);
INSERT INTO Hoblis (KGISCode,NameEN,NameKN,TalukId,DistrictId) VALUES ('050604',N'Chitaguppa',N'ಚಿಟಗುಪ್ಪಾ',61,5);
INSERT INTO Hoblis (KGISCode,NameEN,NameKN,TalukId,DistrictId) VALUES ('050605',N'Nirna',N'ನಿರ್ಣಾ',61,5);
INSERT INTO Hoblis (KGISCode,NameEN,NameKN,TalukId,DistrictId) VALUES ('050606',N'Bemalakheda',N'ಬೇಮಳಖೇಡ',61,5);
INSERT INTO Hoblis (KGISCode,NameEN,NameKN,TalukId,DistrictId) VALUES ('050704',N'Tanakusanura',N'ಠಾಣಾಕುಸನೂರ',62,5);
INSERT INTO Hoblis (KGISCode,NameEN,NameKN,TalukId,DistrictId) VALUES ('050705',N'Kamalanagara',N'ಕಮಲನಗರ',62,5);
INSERT INTO Hoblis (KGISCode,NameEN,NameKN,TalukId,DistrictId) VALUES ('050706',N'Dabaka',N'ದಾಬಕಾ',62,5);
INSERT INTO Hoblis (KGISCode,NameEN,NameKN,TalukId,DistrictId) VALUES ('050806',N'Hulasura',N'ಹುಲಸೂರ',63,5);
INSERT INTO Hoblis (KGISCode,NameEN,NameKN,TalukId,DistrictId) VALUES ('060101',N'Lingasuguru',N'ಲಿಂಗಸುಗೂರು',64,6);
INSERT INTO Hoblis (KGISCode,NameEN,NameKN,TalukId,DistrictId) VALUES ('060102',N'Gurugunta',N'ಗುರುಗುಂಟಾ',64,6);
INSERT INTO Hoblis (KGISCode,NameEN,NameKN,TalukId,DistrictId) VALUES ('060104',N'Mudagal',N'ಮುದಗಲ್',64,6);
INSERT INTO Hoblis (KGISCode,NameEN,NameKN,TalukId,DistrictId) VALUES ('060201',N'Devadurga',N'ದೇವದುರ್ಗ',65,6);
INSERT INTO Hoblis (KGISCode,NameEN,NameKN,TalukId,DistrictId) VALUES ('060203',N'Jalahalli',N'ಜಾಲಹಳ್ಳಿ',65,6);
INSERT INTO Hoblis (KGISCode,NameEN,NameKN,TalukId,DistrictId) VALUES ('060204',N'Gabburu',N'ಗಬ್ಬೂರು',65,6);
INSERT INTO Hoblis (KGISCode,NameEN,NameKN,TalukId,DistrictId) VALUES ('060301',N'Gillesuguru',N'ಗಿಲ್ಲೆಸೂಗೂರು',66,6);
INSERT INTO Hoblis (KGISCode,NameEN,NameKN,TalukId,DistrictId) VALUES ('060302',N'Chandrabanda',N'ಚಂದ್ರಬಂಡ',66,6);
INSERT INTO Hoblis (KGISCode,NameEN,NameKN,TalukId,DistrictId) VALUES ('060303',N'Kalamala',N'ಕಲಮಲಾ',66,6);
INSERT INTO Hoblis (KGISCode,NameEN,NameKN,TalukId,DistrictId) VALUES ('060304',N'Devasuguru',N'ದೇವಸೂಗೂರು',66,6);
INSERT INTO Hoblis (KGISCode,NameEN,NameKN,TalukId,DistrictId) VALUES ('060305',N'Yaragera',N'ಯರಗೇರಾ',66,6);
INSERT INTO Hoblis (KGISCode,NameEN,NameKN,TalukId,DistrictId) VALUES ('060306',N'Rayachuru',N'ರಾಯಚೂರು',66,6);
INSERT INTO Hoblis (KGISCode,NameEN,NameKN,TalukId,DistrictId) VALUES ('060401',N'Manavi',N'ಮಾನವಿ',67,6);
INSERT INTO Hoblis (KGISCode,NameEN,NameKN,TalukId,DistrictId) VALUES ('060403',N'Hirekotnikala',N'ಹಿರೇಕೊಟ್ನಿಕಲ',67,6);
INSERT INTO Hoblis (KGISCode,NameEN,NameKN,TalukId,DistrictId) VALUES ('060404',N'Kurdi',N'ಕುರ್ಡಿ',67,6);
INSERT INTO Hoblis (KGISCode,NameEN,NameKN,TalukId,DistrictId) VALUES ('060501',N'Sindhanura',N'ಸಿಂಧನೂರ',68,6);
INSERT INTO Hoblis (KGISCode,NameEN,NameKN,TalukId,DistrictId) VALUES ('060502',N'Salgunda',N'ಸಾಲ್ಗುಂದಾ',68,6);
INSERT INTO Hoblis (KGISCode,NameEN,NameKN,TalukId,DistrictId) VALUES ('060503',N'Huda',N'ಹುಡಾ',68,6);
INSERT INTO Hoblis (KGISCode,NameEN,NameKN,TalukId,DistrictId) VALUES ('060504',N'Gorebala',N'ಗೋರೆಬಾಳ',68,6);
INSERT INTO Hoblis (KGISCode,NameEN,NameKN,TalukId,DistrictId) VALUES ('060505',N'Jalihala',N'ಜಾಲಿಹಾಳ',68,6);
INSERT INTO Hoblis (KGISCode,NameEN,NameKN,TalukId,DistrictId) VALUES ('060508',N'Javalagera',N'ಜವಳಗೇರಾ',68,6);
INSERT INTO Hoblis (KGISCode,NameEN,NameKN,TalukId,DistrictId) VALUES ('060509',N'Kunnatagi',N'ಕುನ್ನಟಗಿ',68,6);
INSERT INTO Hoblis (KGISCode,NameEN,NameKN,TalukId,DistrictId) VALUES ('060510',N'Valkandinni',N'ವಲ್ಕಂದಿನ್ನಿ',68,6);
INSERT INTO Hoblis (KGISCode,NameEN,NameKN,TalukId,DistrictId) VALUES ('060511',N'Badarli',N'ಬಾದರ್ಲಿ',68,6);
INSERT INTO Hoblis (KGISCode,NameEN,NameKN,TalukId,DistrictId) VALUES ('060512',N'Hedaginala',N'ಹೆಡಗಿನಾಳ',68,6);
INSERT INTO Hoblis (KGISCode,NameEN,NameKN,TalukId,DistrictId) VALUES ('060513',N'Gunjalli',N'ಗುಂಜಳ್ಳಿ',68,6);
INSERT INTO Hoblis (KGISCode,NameEN,NameKN,TalukId,DistrictId) VALUES ('060514',N'Turvihala',N'ತುರ್ವಿಹಾಳ',68,6);
INSERT INTO Hoblis (KGISCode,NameEN,NameKN,TalukId,DistrictId) VALUES ('060601',N'Lingasuguru',N'ಲಿಂಗಸುಗೂರು',70,6);
INSERT INTO Hoblis (KGISCode,NameEN,NameKN,TalukId,DistrictId) VALUES ('060603',N'Maski',N'ಮಸ್ಕಿ',70,6);
INSERT INTO Hoblis (KGISCode,NameEN,NameKN,TalukId,DistrictId) VALUES ('060605',N'Halapura',N'ಹಾಲಾಪೂರ',70,6);
INSERT INTO Hoblis (KGISCode,NameEN,NameKN,TalukId,DistrictId) VALUES ('060606',N'Pamanakallura',N'ಪಾಮನಕಲ್ಲೂರ',70,6);
INSERT INTO Hoblis (KGISCode,NameEN,NameKN,TalukId,DistrictId) VALUES ('060607',N'Balaganura',N'ಬಳಗಾನೂರ',70,6);
INSERT INTO Hoblis (KGISCode,NameEN,NameKN,TalukId,DistrictId) VALUES ('060613',N'Gunjalli',N'ಗುಂಜಳ್ಳಿ',70,6);
INSERT INTO Hoblis (KGISCode,NameEN,NameKN,TalukId,DistrictId) VALUES ('060614',N'Turvihala',N'ತುರ್ವಿಹಾಳ',70,6);
INSERT INTO Hoblis (KGISCode,NameEN,NameKN,TalukId,DistrictId) VALUES ('060615',N'Gudadura',N'ಗುಡದೂರ',70,6);
INSERT INTO Hoblis (KGISCode,NameEN,NameKN,TalukId,DistrictId) VALUES ('060613',N'Gunjalli',N'ಗುಂಜಳ್ಳಿ',70,6);
INSERT INTO Hoblis (KGISCode,NameEN,NameKN,TalukId,DistrictId) VALUES ('060702',N'Kalluru',N'ಕಲ್ಲೂರು',71,6);
INSERT INTO Hoblis (KGISCode,NameEN,NameKN,TalukId,DistrictId) VALUES ('060707',N'Mallata',N'ಮಲ್ಲಟ',71,6);
INSERT INTO Hoblis (KGISCode,NameEN,NameKN,TalukId,DistrictId) VALUES ('060708',N'Siravara',N'ಸಿರವಾರ',71,6);
INSERT INTO Hoblis (KGISCode,NameEN,NameKN,TalukId,DistrictId) VALUES ('060709',N'Kavitala',N'ಕವಿತಾಳ',71,6);
INSERT INTO Hoblis (KGISCode,NameEN,NameKN,TalukId,DistrictId) VALUES ('060802',N'Arakera',N'ಅರಕೇರ',72,6);
INSERT INTO Hoblis (KGISCode,NameEN,NameKN,TalukId,DistrictId) VALUES ('070101',N'Yalaburga',N'ಯಲಬುರ್ಗಾ',73,7);
INSERT INTO Hoblis (KGISCode,NameEN,NameKN,TalukId,DistrictId) VALUES ('070103',N'Hirevankalakunta',N'ಹಿರೇವಂಕಲಕುಂಟ',73,7);
INSERT INTO Hoblis (KGISCode,NameEN,NameKN,TalukId,DistrictId) VALUES ('070201',N'Kushtagi',N'ಕುಷ್ಟಗಿ',74,7);
INSERT INTO Hoblis (KGISCode,NameEN,NameKN,TalukId,DistrictId) VALUES ('070202',N'Tavaragera',N'ತಾವರಗೇರಾ',74,7);
INSERT INTO Hoblis (KGISCode,NameEN,NameKN,TalukId,DistrictId) VALUES ('070203',N'Hanamasagara',N'ಹನಮಸಾಗರ',74,7);
INSERT INTO Hoblis (KGISCode,NameEN,NameKN,TalukId,DistrictId) VALUES ('070204',N'Hanamanala',N'ಹನಮನಾಳ',74,7);
INSERT INTO Hoblis (KGISCode,NameEN,NameKN,TalukId,DistrictId) VALUES ('070306',N'Venkatagiri',N'ವೆಂಕಟಗಿರಿ',75,7);
INSERT INTO Hoblis (KGISCode,NameEN,NameKN,TalukId,DistrictId) VALUES ('070307',N'Marali',N'ಮರಳಿ',75,7);
INSERT INTO Hoblis (KGISCode,NameEN,NameKN,TalukId,DistrictId) VALUES ('070308',N'Gangavati',N'ಗಂಗಾವತಿ',75,7);
INSERT INTO Hoblis (KGISCode,NameEN,NameKN,TalukId,DistrictId) VALUES ('070401',N'Koppala',N'ಕೊಪ್ಪಳ',76,7);
INSERT INTO Hoblis (KGISCode,NameEN,NameKN,TalukId,DistrictId) VALUES ('070402',N'Alavandi',N'ಅಳವಂಡಿ',76,7);
INSERT INTO Hoblis (KGISCode,NameEN,NameKN,TalukId,DistrictId) VALUES ('070403',N'Irakallagada',N'ಇರಕಲ್ಲಗಡ',76,7);
INSERT INTO Hoblis (KGISCode,NameEN,NameKN,TalukId,DistrictId) VALUES ('070404',N'Hitnala',N'ಹಿಟ್ನಾಳ',76,7);
INSERT INTO Hoblis (KGISCode,NameEN,NameKN,TalukId,DistrictId) VALUES ('070503',N'Karatagi',N'ಕಾರಟಗಿ',77,7);
INSERT INTO Hoblis (KGISCode,NameEN,NameKN,TalukId,DistrictId) VALUES ('070504',N'Siddapura',N'ಸಿದ್ದಾಪೂರ',77,7);
INSERT INTO Hoblis (KGISCode,NameEN,NameKN,TalukId,DistrictId) VALUES ('070602',N'Kukanura',N'ಕುಕನೂರ',78,7);
INSERT INTO Hoblis (KGISCode,NameEN,NameKN,TalukId,DistrictId) VALUES ('070604',N'Mangaluru',N'ಮಂಗಳೂರು',78,7);
INSERT INTO Hoblis (KGISCode,NameEN,NameKN,TalukId,DistrictId) VALUES ('070701',N'Hulihaidara',N'ಹುಲಿಹೈದರ',79,7);
INSERT INTO Hoblis (KGISCode,NameEN,NameKN,TalukId,DistrictId) VALUES ('070702',N'Navali',N'ನವಲಿ',79,7);
INSERT INTO Hoblis (KGISCode,NameEN,NameKN,TalukId,DistrictId) VALUES ('070705',N'Kanakagiri',N'ಕನಕಗಿರಿ',79,7);
INSERT INTO Hoblis (KGISCode,NameEN,NameKN,TalukId,DistrictId) VALUES ('080101',N'Naragunda',N'ನರಗುಂದ',80,8);
INSERT INTO Hoblis (KGISCode,NameEN,NameKN,TalukId,DistrictId) VALUES ('080102',N'Konnura',N'ಕೊಣ್ಣೂರ',80,8);
INSERT INTO Hoblis (KGISCode,NameEN,NameKN,TalukId,DistrictId) VALUES ('080201',N'Rona',N'ನರೇಗಲ್ಲ',82,8);
INSERT INTO Hoblis (KGISCode,NameEN,NameKN,TalukId,DistrictId) VALUES ('080201',N'Rona',N'ರೋಣ',82,8);
INSERT INTO Hoblis (KGISCode,NameEN,NameKN,TalukId,DistrictId) VALUES ('080202',N'Naregalla',N'ನರೇಗಲ್ಲ',82,8);
INSERT INTO Hoblis (KGISCode,NameEN,NameKN,TalukId,DistrictId) VALUES ('080203',N'Holealura',N'ಹೊಳೆಆಲೂರ',82,8);
INSERT INTO Hoblis (KGISCode,NameEN,NameKN,TalukId,DistrictId) VALUES ('080301',N'Gadaga',N'ಗದಗ',83,8);
INSERT INTO Hoblis (KGISCode,NameEN,NameKN,TalukId,DistrictId) VALUES ('080302',N'Betageri',N'ಬೆಟಗೇರಿ',83,8);
INSERT INTO Hoblis (KGISCode,NameEN,NameKN,TalukId,DistrictId) VALUES ('080401',N'Shirahatti',N'ಶಿರಹಟ್ಟಿ',84,8);
INSERT INTO Hoblis (KGISCode,NameEN,NameKN,TalukId,DistrictId) VALUES ('080402',N'Lakshmeshvara',N'ಲಕ್ಷ್ಮೇಶ್ವರ',84,8);
INSERT INTO Hoblis (KGISCode,NameEN,NameKN,TalukId,DistrictId) VALUES ('080501',N'Mundaragi',N'ಮುಂಡರಗಿ',85,8);
INSERT INTO Hoblis (KGISCode,NameEN,NameKN,TalukId,DistrictId) VALUES ('080502',N'Dambala',N'ಡಂಬಳ',85,8);
INSERT INTO Hoblis (KGISCode,NameEN,NameKN,TalukId,DistrictId) VALUES ('080602',N'Naregalla',N'ನರೇಗಲ್ಲ',86,8);
INSERT INTO Hoblis (KGISCode,NameEN,NameKN,TalukId,DistrictId) VALUES ('080702',N'Lakshmeshvara',N'ಲಕ್ಷ್ಮೇಶ್ವರ',87,8);
INSERT INTO Hoblis (KGISCode,NameEN,NameKN,TalukId,DistrictId) VALUES ('090101',N'Garaga',N'ಗರಗ',88,9);
INSERT INTO Hoblis (KGISCode,NameEN,NameKN,TalukId,DistrictId) VALUES ('090102',N'Dharavada',N'ಧಾರವಾಡ',88,9);
INSERT INTO Hoblis (KGISCode,NameEN,NameKN,TalukId,DistrictId) VALUES ('090103',N'Amminabavi',N'ಅಮ್ಮಿನಬಾವಿ',88,9);
INSERT INTO Hoblis (KGISCode,NameEN,NameKN,TalukId,DistrictId) VALUES ('090201',N'Moraba',N'ಮೊರಬ',89,9);
INSERT INTO Hoblis (KGISCode,NameEN,NameKN,TalukId,DistrictId) VALUES ('090301',N'Hubballi',N'ಹುಬ್ಬಳ್ಳಿ',90,9);
INSERT INTO Hoblis (KGISCode,NameEN,NameKN,TalukId,DistrictId) VALUES ('090302',N'Chabbi',N'ಛಬ್ಬಿ',90,9);
INSERT INTO Hoblis (KGISCode,NameEN,NameKN,TalukId,DistrictId) VALUES ('090303',N'Shiraguppi',N'ಶಿರಗುಪ್ಪಿ',90,9);
INSERT INTO Hoblis (KGISCode,NameEN,NameKN,TalukId,DistrictId) VALUES ('090401',N'Kalaghatagi',N'ಕಲಘಟಗಿ',91,9);
INSERT INTO Hoblis (KGISCode,NameEN,NameKN,TalukId,DistrictId) VALUES ('090402',N'Tabakadahonnihalli',N'ತಬಕದಹೊನ್ನಿಹಳ್ಳಿ',91,9);
INSERT INTO Hoblis (KGISCode,NameEN,NameKN,TalukId,DistrictId) VALUES ('090403',N'Dhummavada',N'ಧುಮ್ಮವಾಡ',91,9);
INSERT INTO Hoblis (KGISCode,NameEN,NameKN,TalukId,DistrictId) VALUES ('090501',N'Kundagola',N'ಕುಂದಗೋಳ',92,9);
INSERT INTO Hoblis (KGISCode,NameEN,NameKN,TalukId,DistrictId) VALUES ('090502',N'Sanshi',N'ಸಂಶಿ',92,9);
INSERT INTO Hoblis (KGISCode,NameEN,NameKN,TalukId,DistrictId) VALUES ('090601',N'Hubballi',N'ಹುಬ್ಬಳ್ಳಿ',93,9);
INSERT INTO Hoblis (KGISCode,NameEN,NameKN,TalukId,DistrictId) VALUES ('090602',N'Chabbi',N'ಛಬ್ಬಿ',93,9);
INSERT INTO Hoblis (KGISCode,NameEN,NameKN,TalukId,DistrictId) VALUES ('090704',N'Alnavara',N'ಅಳ್ನಾವರ',94,9);
INSERT INTO Hoblis (KGISCode,NameEN,NameKN,TalukId,DistrictId) VALUES ('090802',N'Annigeri',N'ಅಣ್ಣಿಗೇರಿ',95,9);
INSERT INTO Hoblis (KGISCode,NameEN,NameKN,TalukId,DistrictId) VALUES ('100101',N'Bada',N'ಬಾಡ',96,10);
INSERT INTO Hoblis (KGISCode,NameEN,NameKN,TalukId,DistrictId) VALUES ('100102',N'Ghadasayi',N'ಘಾಡಸಾಯಿ',96,10);
INSERT INTO Hoblis (KGISCode,NameEN,NameKN,TalukId,DistrictId) VALUES ('100103',N'Kinnara',N'ಕಿನ್ನರ',96,10);
INSERT INTO Hoblis (KGISCode,NameEN,NameKN,TalukId,DistrictId) VALUES ('100104',N'Savantavada',N'ಸಾವಂತವಾಡ',96,10);
INSERT INTO Hoblis (KGISCode,NameEN,NameKN,TalukId,DistrictId) VALUES ('100201',N'Supa',N'ಸೂಪಾ',97,10);
INSERT INTO Hoblis (KGISCode,NameEN,NameKN,TalukId,DistrictId) VALUES ('100202',N'Kumbaravada',N'ಕುಂಬಾರವಾಡಾ',97,10);
INSERT INTO Hoblis (KGISCode,NameEN,NameKN,TalukId,DistrictId) VALUES ('100203',N'Kyasalarak',N'ಕ್ಯಾಸಲರಾಕ್',97,10);
INSERT INTO Hoblis (KGISCode,NameEN,NameKN,TalukId,DistrictId) VALUES ('100301',N'Sambrani',N'ಸಾಂಬ್ರಾಣಿ',98,10);
INSERT INTO Hoblis (KGISCode,NameEN,NameKN,TalukId,DistrictId) VALUES ('100302',N'Haliyala',N'ಹಳಿಯಾಳ',98,10);
INSERT INTO Hoblis (KGISCode,NameEN,NameKN,TalukId,DistrictId) VALUES ('100304',N'Murkavada',N'ಮುರ್ಕವಾಡ',98,10);
INSERT INTO Hoblis (KGISCode,NameEN,NameKN,TalukId,DistrictId) VALUES ('100401',N'Yallapura',N'ಯಲ್ಲಾಪುರ',99,10);
INSERT INTO Hoblis (KGISCode,NameEN,NameKN,TalukId,DistrictId) VALUES ('100402',N'Manchikeri',N'ಮಂಚಿಕೇರಿ',99,10);
INSERT INTO Hoblis (KGISCode,NameEN,NameKN,TalukId,DistrictId) VALUES ('100501',N'Mundagoda',N'ಮುಂಡಗೋಡ',100,10);
INSERT INTO Hoblis (KGISCode,NameEN,NameKN,TalukId,DistrictId) VALUES ('100502',N'Pala',N'ಪಾಳ',100,10);
INSERT INTO Hoblis (KGISCode,NameEN,NameKN,TalukId,DistrictId) VALUES ('100601',N'Shirasi',N'ಶಿರಸಿ',101,10);
INSERT INTO Hoblis (KGISCode,NameEN,NameKN,TalukId,DistrictId) VALUES ('100602',N'Banavasi',N'ಬನವಾಸಿ',101,10);
INSERT INTO Hoblis (KGISCode,NameEN,NameKN,TalukId,DistrictId) VALUES ('100603',N'Sampakhanda',N'ಸಂಪಖಂಡ',101,10);
INSERT INTO Hoblis (KGISCode,NameEN,NameKN,TalukId,DistrictId) VALUES ('100604',N'Hulekal',N'ಹುಲೇಕಲ್',101,10);
INSERT INTO Hoblis (KGISCode,NameEN,NameKN,TalukId,DistrictId) VALUES ('100701',N'Ankola',N'ಅಂಕೋಲಾ',102,10);
INSERT INTO Hoblis (KGISCode,NameEN,NameKN,TalukId,DistrictId) VALUES ('100702',N'Belekeri',N'ಬೇಲೇಕೇರಿ',102,10);
INSERT INTO Hoblis (KGISCode,NameEN,NameKN,TalukId,DistrictId) VALUES ('100703',N'Basagoda',N'ಬಾಸಗೋಡ',102,10);
INSERT INTO Hoblis (KGISCode,NameEN,NameKN,TalukId,DistrictId) VALUES ('100704',N'Balale',N'ಬಳಲೆ',102,10);
INSERT INTO Hoblis (KGISCode,NameEN,NameKN,TalukId,DistrictId) VALUES ('100801',N'Kujalli',N'ಕೂಜಳ್ಳಿ',103,10);
INSERT INTO Hoblis (KGISCode,NameEN,NameKN,TalukId,DistrictId) VALUES ('100802',N'Kumata',N'ಕುಮಟಾ',103,10);
INSERT INTO Hoblis (KGISCode,NameEN,NameKN,TalukId,DistrictId) VALUES ('100803',N'Mirjana',N'ಮಿರ್ಜಾನ',103,10);
INSERT INTO Hoblis (KGISCode,NameEN,NameKN,TalukId,DistrictId) VALUES ('100804',N'Gokarna',N'ಗೋಕರ್ಣ',103,10);
INSERT INTO Hoblis (KGISCode,NameEN,NameKN,TalukId,DistrictId) VALUES ('100901',N'Kondli',N'ಕೊಂಡ್ಲಿ',104,10);
INSERT INTO Hoblis (KGISCode,NameEN,NameKN,TalukId,DistrictId) VALUES ('100902',N'Umbalamane',N'ಉಂಬಳಮನೆ',104,10);
INSERT INTO Hoblis (KGISCode,NameEN,NameKN,TalukId,DistrictId) VALUES ('100903',N'Kodkani',N'ಕೋಡ್ಕಣಿ',104,10);
INSERT INTO Hoblis (KGISCode,NameEN,NameKN,TalukId,DistrictId) VALUES ('101001',N'Honnavara',N'ಹೊನ್ನಾವರ',105,10);
INSERT INTO Hoblis (KGISCode,NameEN,NameKN,TalukId,DistrictId) VALUES ('101002',N'Mavinakurva',N'ಮಾವಿನಕುರ್ವಾ',105,10);
INSERT INTO Hoblis (KGISCode,NameEN,NameKN,TalukId,DistrictId) VALUES ('101003',N'Manki',N'ಮಂಕಿ',105,10);
INSERT INTO Hoblis (KGISCode,NameEN,NameKN,TalukId,DistrictId) VALUES ('101101',N'Mavalli',N'ಮಾವಳ್ಳಿ',106,10);
INSERT INTO Hoblis (KGISCode,NameEN,NameKN,TalukId,DistrictId) VALUES ('101102',N'Susagadi',N'ಸೂಸಗಡಿ',106,10);
INSERT INTO Hoblis (KGISCode,NameEN,NameKN,TalukId,DistrictId) VALUES ('101203',N'Dandeli',N'ದಾಂಡೇಲಿ',107,10);
INSERT INTO Hoblis (KGISCode,NameEN,NameKN,TalukId,DistrictId) VALUES ('110101',N'Shigganva',N'ಶಿಗ್ಗಾಂವ',108,11);
INSERT INTO Hoblis (KGISCode,NameEN,NameKN,TalukId,DistrictId) VALUES ('110102',N'Dundashi',N'ದುಂಡಶಿ',108,11);
INSERT INTO Hoblis (KGISCode,NameEN,NameKN,TalukId,DistrictId) VALUES ('110103',N'Bankapura',N'ಬಂಕಾಪೂರ',108,11);
INSERT INTO Hoblis (KGISCode,NameEN,NameKN,TalukId,DistrictId) VALUES ('110201',N'Savanura',N'ಸವಣೂರ',109,11);
INSERT INTO Hoblis (KGISCode,NameEN,NameKN,TalukId,DistrictId) VALUES ('110202',N'Hattimattura',N'ಹತ್ತಿಮತ್ತೂರ',109,11);
INSERT INTO Hoblis (KGISCode,NameEN,NameKN,TalukId,DistrictId) VALUES ('110301',N'Hanagalla',N'ಹಾನಗಲ್ಲ',110,11);
INSERT INTO Hoblis (KGISCode,NameEN,NameKN,TalukId,DistrictId) VALUES ('110302',N'Akkialura',N'ಅಕ್ಕಿಆಲೂರ',110,11);
INSERT INTO Hoblis (KGISCode,NameEN,NameKN,TalukId,DistrictId) VALUES ('110303',N'Bammanalli',N'ಬಮ್ಮನಳ್ಳಿ',110,11);
INSERT INTO Hoblis (KGISCode,NameEN,NameKN,TalukId,DistrictId) VALUES ('110401',N'Haveri',N'ಹಾವೇರಿ',111,11);
INSERT INTO Hoblis (KGISCode,NameEN,NameKN,TalukId,DistrictId) VALUES ('110402',N'Karajagi',N'ಕರಜಗಿ',111,11);
INSERT INTO Hoblis (KGISCode,NameEN,NameKN,TalukId,DistrictId) VALUES ('110403',N'Guttala',N'ಗುತ್ತಲ',111,11);
INSERT INTO Hoblis (KGISCode,NameEN,NameKN,TalukId,DistrictId) VALUES ('110501',N'Byadagi',N'ಬ್ಯಾಡಗಿ',112,11);
INSERT INTO Hoblis (KGISCode,NameEN,NameKN,TalukId,DistrictId) VALUES ('110502',N'Kaginelli',N'ಕಾಗಿನೆಲ್ಲಿ',112,11);
INSERT INTO Hoblis (KGISCode,NameEN,NameKN,TalukId,DistrictId) VALUES ('110601',N'Hirekerura',N'ಹಿರೇಕೆರೂರ',113,11);
INSERT INTO Hoblis (KGISCode,NameEN,NameKN,TalukId,DistrictId) VALUES ('110603',N'Hansabhavi',N'ಹಂಸಭಾವಿ',113,11);
INSERT INTO Hoblis (KGISCode,NameEN,NameKN,TalukId,DistrictId) VALUES ('110701',N'Ranebennura',N'ರಾಣೆಬೆನ್ನೂರ',114,11);
INSERT INTO Hoblis (KGISCode,NameEN,NameKN,TalukId,DistrictId) VALUES ('110702',N'Kuppelura',N'ಕುಪ್ಪೆಲೂರ',114,11);
INSERT INTO Hoblis (KGISCode,NameEN,NameKN,TalukId,DistrictId) VALUES ('110703',N'Medleri',N'ಮೆಡ್ಲೇರಿ',114,11);
INSERT INTO Hoblis (KGISCode,NameEN,NameKN,TalukId,DistrictId) VALUES ('110801',N'Hirekerura',N'ಹಿರೇಕೆರೂರ',115,11);
INSERT INTO Hoblis (KGISCode,NameEN,NameKN,TalukId,DistrictId) VALUES ('110802',N'Ratteehalli',N'ರಟ್ಟೀಹಳ್ಳಿ',115,11);
INSERT INTO Hoblis (KGISCode,NameEN,NameKN,TalukId,DistrictId) VALUES ('120401',N'Siruguppa',N'ಸಿರುಗುಪ್ಪ',116,12);
INSERT INTO Hoblis (KGISCode,NameEN,NameKN,TalukId,DistrictId) VALUES ('120402',N'Hachcholli',N'ಹಚ್ಚೋಳ್ಳಿ',116,12);
INSERT INTO Hoblis (KGISCode,NameEN,NameKN,TalukId,DistrictId) VALUES ('120403',N'Karuru',N'ಕರೂರು',116,12);
INSERT INTO Hoblis (KGISCode,NameEN,NameKN,TalukId,DistrictId) VALUES ('120404',N'Tekkalakote',N'ತೆಕ್ಕಲಕೋಟೆ',116,12);
INSERT INTO Hoblis (KGISCode,NameEN,NameKN,TalukId,DistrictId) VALUES ('120501',N'Ballari',N'ಬಳ್ಳಾರಿ',117,12);
INSERT INTO Hoblis (KGISCode,NameEN,NameKN,TalukId,DistrictId) VALUES ('120504',N'Moka',N'ಮೋಕಾ',117,12);
INSERT INTO Hoblis (KGISCode,NameEN,NameKN,TalukId,DistrictId) VALUES ('120505',N'Rupanagudi',N'ರೂಪನಗುಡಿ',117,12);
INSERT INTO Hoblis (KGISCode,NameEN,NameKN,TalukId,DistrictId) VALUES ('120601',N'Sanduru',N'ಸಂಡೂರು',118,12);
INSERT INTO Hoblis (KGISCode,NameEN,NameKN,TalukId,DistrictId) VALUES ('120602',N'Toranagallu',N'ತೋರಣಗಲ್ಲು',118,12);
INSERT INTO Hoblis (KGISCode,NameEN,NameKN,TalukId,DistrictId) VALUES ('120603',N'Choranuru',N'ಚೋರನೂರು',118,12);
INSERT INTO Hoblis (KGISCode,NameEN,NameKN,TalukId,DistrictId) VALUES ('120802',N'Kurugodu',N'ಕುರುಗೋಡು',120,12);
INSERT INTO Hoblis (KGISCode,NameEN,NameKN,TalukId,DistrictId) VALUES ('120803',N'Koluru',N'ಕೋಳೂರು',120,12);
INSERT INTO Hoblis (KGISCode,NameEN,NameKN,TalukId,DistrictId) VALUES ('120802',N'Kurugodu',N'ಬಳ್ಳಾರಿ',120,12);
INSERT INTO Hoblis (KGISCode,NameEN,NameKN,TalukId,DistrictId) VALUES ('121003',N'Kampli',N'ಕಂಪ್ಲಿ',121,12);
INSERT INTO Hoblis (KGISCode,NameEN,NameKN,TalukId,DistrictId) VALUES ('130101',N'Kasaba',N'ಕಸಬಾ',122,13);
INSERT INTO Hoblis (KGISCode,NameEN,NameKN,TalukId,DistrictId) VALUES ('130102',N'Devasamudra',N'ದೇವಸಮುದ್ರ',122,13);
INSERT INTO Hoblis (KGISCode,NameEN,NameKN,TalukId,DistrictId) VALUES ('130201',N'Kasaba',N'ಕಸಬಾ',123,13);
INSERT INTO Hoblis (KGISCode,NameEN,NameKN,TalukId,DistrictId) VALUES ('130202',N'Parashurampura',N'ಪರಶುರಾ0ಪುರ',123,13);
INSERT INTO Hoblis (KGISCode,NameEN,NameKN,TalukId,DistrictId) VALUES ('130203',N'Talaku',N'ತಳಕು',123,13);
INSERT INTO Hoblis (KGISCode,NameEN,NameKN,TalukId,DistrictId) VALUES ('130204',N'Nayakanahatti',N'ನಾಯಕನಹಟ್ಟಿ',123,13);
INSERT INTO Hoblis (KGISCode,NameEN,NameKN,TalukId,DistrictId) VALUES ('130304',N'Kasaba',N'ಕಸಬಾ',124,13);
INSERT INTO Hoblis (KGISCode,NameEN,NameKN,TalukId,DistrictId) VALUES ('130305',N'Bharamasagara',N'ಭರಮಸಾಗರ',124,13);
INSERT INTO Hoblis (KGISCode,NameEN,NameKN,TalukId,DistrictId) VALUES ('130306',N'Turuvanuru',N'ತುರುವನೂರು',124,13);
INSERT INTO Hoblis (KGISCode,NameEN,NameKN,TalukId,DistrictId) VALUES ('130307',N'Hireguntanuru',N'ಹಿರೇಗುಂಟನೂರು',124,13);
INSERT INTO Hoblis (KGISCode,NameEN,NameKN,TalukId,DistrictId) VALUES ('130401',N'Beedurga',N'ಬೀದುರ್ಗ',125,13);
INSERT INTO Hoblis (KGISCode,NameEN,NameKN,TalukId,DistrictId) VALUES ('130402',N'Kasaba',N'ಕಸಬಾ',125,13);
INSERT INTO Hoblis (KGISCode,NameEN,NameKN,TalukId,DistrictId) VALUES ('130403',N'Ramagiri',N'ರಾಮಗಿರಿ',125,13);
INSERT INTO Hoblis (KGISCode,NameEN,NameKN,TalukId,DistrictId) VALUES ('130404',N'Talya',N'ತಾಳ್ಯ',125,13);
INSERT INTO Hoblis (KGISCode,NameEN,NameKN,TalukId,DistrictId) VALUES ('130501',N'Kasaba',N'ಕಸಬ',126,13);
INSERT INTO Hoblis (KGISCode,NameEN,NameKN,TalukId,DistrictId) VALUES ('130502',N'Madadakere',N'ಮಾಡದಕೆರೆ',126,13);
INSERT INTO Hoblis (KGISCode,NameEN,NameKN,TalukId,DistrictId) VALUES ('130503',N'Mattodu',N'ಮತ್ತೋಡು',126,13);
INSERT INTO Hoblis (KGISCode,NameEN,NameKN,TalukId,DistrictId) VALUES ('130504',N'Shreerampura',N'ಶ್ರೀರಾಂಪುರ',126,13);
INSERT INTO Hoblis (KGISCode,NameEN,NameKN,TalukId,DistrictId) VALUES ('130601',N'Kasaba',N'ಕಸಬಾ',127,13);
INSERT INTO Hoblis (KGISCode,NameEN,NameKN,TalukId,DistrictId) VALUES ('130602',N'Aimangala',N'ಐಮಂಗಲ',127,13);
INSERT INTO Hoblis (KGISCode,NameEN,NameKN,TalukId,DistrictId) VALUES ('130603',N'Dharmapura',N'ಧರ್ಮಪುರ',127,13);
INSERT INTO Hoblis (KGISCode,NameEN,NameKN,TalukId,DistrictId) VALUES ('130604',N'J G Halli',N'ಜೆ.ಜಿ.ಹಳ್ಳಿ',127,13);
INSERT INTO Hoblis (KGISCode,NameEN,NameKN,TalukId,DistrictId) VALUES ('140101',N'Kasaba',N'ಕಸಬಾ',128,14);
INSERT INTO Hoblis (KGISCode,NameEN,NameKN,TalukId,DistrictId) VALUES ('140102',N'Malebennuru',N'ಮಲೆಬೆನ್ನೂರು',128,14);
INSERT INTO Hoblis (KGISCode,NameEN,NameKN,TalukId,DistrictId) VALUES ('140301',N'Kasaba',N'ಕಸಬ',129,14);
INSERT INTO Hoblis (KGISCode,NameEN,NameKN,TalukId,DistrictId) VALUES ('140302',N'Bilichodu',N'ಬಿಳಿಚೋಡು',129,14);
INSERT INTO Hoblis (KGISCode,NameEN,NameKN,TalukId,DistrictId) VALUES ('140303',N'Sokke',N'ಸೊಕ್ಕೆ',129,14);
INSERT INTO Hoblis (KGISCode,NameEN,NameKN,TalukId,DistrictId) VALUES ('140401',N'Kasaba',N'ಕಸಬಾ',130,14);
INSERT INTO Hoblis (KGISCode,NameEN,NameKN,TalukId,DistrictId) VALUES ('140402',N'Anagodu',N'ಆನಗೋಡು',130,14);
INSERT INTO Hoblis (KGISCode,NameEN,NameKN,TalukId,DistrictId) VALUES ('140403',N'Mayakonda',N'ಮಾಯಕೊಂಡ',130,14);
INSERT INTO Hoblis (KGISCode,NameEN,NameKN,TalukId,DistrictId) VALUES ('140507',N'Sasvehalli-2',N'ಸಾಸ್ವೆಹಳ್ಳಿ-2',131,14);
INSERT INTO Hoblis (KGISCode,NameEN,NameKN,TalukId,DistrictId) VALUES ('140508',N'Kasaba',N'ಕಸಬಾ',131,14);
INSERT INTO Hoblis (KGISCode,NameEN,NameKN,TalukId,DistrictId) VALUES ('140509',N'Sasvehalli-1',N'ಸಾಸ್ವೆಹಳ್ಳಿ-1',131,14);
INSERT INTO Hoblis (KGISCode,NameEN,NameKN,TalukId,DistrictId) VALUES ('140510',N'Govinakovi-2',N'ಗೋವಿನಕೋವಿ-2',131,14);
INSERT INTO Hoblis (KGISCode,NameEN,NameKN,TalukId,DistrictId) VALUES ('140601',N'Basavapattana-1',N'ಬಸವಾಪಟ್ಟಣ-1',132,14);
INSERT INTO Hoblis (KGISCode,NameEN,NameKN,TalukId,DistrictId) VALUES ('140602',N'Basavapattana-2',N'ಬಸವಾಪಟ್ಟಣ-2',132,14);
INSERT INTO Hoblis (KGISCode,NameEN,NameKN,TalukId,DistrictId) VALUES ('140603',N'Kasaba',N'ಕಸಬಾ',132,14);
INSERT INTO Hoblis (KGISCode,NameEN,NameKN,TalukId,DistrictId) VALUES ('140604',N'Santebennuru-1',N'ಸಂತೇಬೆನ್ನೂರು-1',132,14);
INSERT INTO Hoblis (KGISCode,NameEN,NameKN,TalukId,DistrictId) VALUES ('140605',N'Santebennuru-2',N'ಸಂತೇಬೆನ್ನೂರು-2',132,14);
INSERT INTO Hoblis (KGISCode,NameEN,NameKN,TalukId,DistrictId) VALUES ('140606',N'Ubrani',N'ಉಬ್ರಾಣಿ',132,14);
INSERT INTO Hoblis (KGISCode,NameEN,NameKN,TalukId,DistrictId) VALUES ('140711',N'Govinakovi-1',N'ಗೋವಿನಕೋವಿ-1',133,14);
INSERT INTO Hoblis (KGISCode,NameEN,NameKN,TalukId,DistrictId) VALUES ('140712',N'Belagutti',N'ಬೆಳಗುತ್ತಿ',133,14);
INSERT INTO Hoblis (KGISCode,NameEN,NameKN,TalukId,DistrictId) VALUES ('150101',N'Kasaba',N'ಕಸಬಾ',134,15);
INSERT INTO Hoblis (KGISCode,NameEN,NameKN,TalukId,DistrictId) VALUES ('150102',N'Talaguppa',N'ತಾಳಗುಪ್ಪ',134,15);
INSERT INTO Hoblis (KGISCode,NameEN,NameKN,TalukId,DistrictId) VALUES ('150103',N'Barangi',N'ಬಾರಂಗಿ',134,15);
INSERT INTO Hoblis (KGISCode,NameEN,NameKN,TalukId,DistrictId) VALUES ('150104',N'Anandapura',N'ಅನಂದಪುರ',134,15);
INSERT INTO Hoblis (KGISCode,NameEN,NameKN,TalukId,DistrictId) VALUES ('150105',N'Avinahalli',N'ಅವಿನಹಳ್ಳಿ',134,15);
INSERT INTO Hoblis (KGISCode,NameEN,NameKN,TalukId,DistrictId) VALUES ('150106',N'Karuru',N'ಕರೂರು',134,15);
INSERT INTO Hoblis (KGISCode,NameEN,NameKN,TalukId,DistrictId) VALUES ('150201',N'Kasaba',N'ಕಸಬಾ',135,15);
INSERT INTO Hoblis (KGISCode,NameEN,NameKN,TalukId,DistrictId) VALUES ('150202',N'Kuppagadde',N'ಕುಪ್ಪಗಡ್ಡೆ',135,15);
INSERT INTO Hoblis (KGISCode,NameEN,NameKN,TalukId,DistrictId) VALUES ('150203',N'Chandragutti',N'ಚಂದ್ರಗುತ್ತಿ',135,15);
INSERT INTO Hoblis (KGISCode,NameEN,NameKN,TalukId,DistrictId) VALUES ('150204',N'Ulavi',N'ಉಳವಿ',135,15);
INSERT INTO Hoblis (KGISCode,NameEN,NameKN,TalukId,DistrictId) VALUES ('150205',N'Jade',N'ಜಡೆ',135,15);
INSERT INTO Hoblis (KGISCode,NameEN,NameKN,TalukId,DistrictId) VALUES ('150206',N'Anavatti',N'ಆನವಟ್ಟಿ',135,15);
INSERT INTO Hoblis (KGISCode,NameEN,NameKN,TalukId,DistrictId) VALUES ('150301',N'Kasaba',N'ಕಸಬಾ',136,15);
INSERT INTO Hoblis (KGISCode,NameEN,NameKN,TalukId,DistrictId) VALUES ('150302',N'Udugani',N'ಉಡುಗಣಿ',136,15);
INSERT INTO Hoblis (KGISCode,NameEN,NameKN,TalukId,DistrictId) VALUES ('150303',N'Talagunda',N'ತಾಳಗುಂದ',136,15);
INSERT INTO Hoblis (KGISCode,NameEN,NameKN,TalukId,DistrictId) VALUES ('150304',N'Hosuru',N'ಹೊಸೂರು',136,15);
INSERT INTO Hoblis (KGISCode,NameEN,NameKN,TalukId,DistrictId) VALUES ('150305',N'Anjanapura',N'ಅಂಜನಾಪುರ',136,15);
INSERT INTO Hoblis (KGISCode,NameEN,NameKN,TalukId,DistrictId) VALUES ('150401',N'Kasaba',N'ಕಸಬಾ',137,15);
INSERT INTO Hoblis (KGISCode,NameEN,NameKN,TalukId,DistrictId) VALUES ('150402',N'Nagara',N'ನಗರ',137,15);
INSERT INTO Hoblis (KGISCode,NameEN,NameKN,TalukId,DistrictId) VALUES ('150403',N'Kerehalli',N'ಕೆರೆಹಳ್ಳಿ',137,15);
INSERT INTO Hoblis (KGISCode,NameEN,NameKN,TalukId,DistrictId) VALUES ('150404',N'Huncha',N'ಹುಂಚ',137,15);
INSERT INTO Hoblis (KGISCode,NameEN,NameKN,TalukId,DistrictId) VALUES ('150501',N'Kasaba',N'ಕಸಬಾ',138,15);
INSERT INTO Hoblis (KGISCode,NameEN,NameKN,TalukId,DistrictId) VALUES ('150502',N'Mutturu',N'ಮುತ್ತೂರು',138,15);
INSERT INTO Hoblis (KGISCode,NameEN,NameKN,TalukId,DistrictId) VALUES ('150503',N'Agumbe',N'ಆಗುಂಬೆ',138,15);
INSERT INTO Hoblis (KGISCode,NameEN,NameKN,TalukId,DistrictId) VALUES ('150504',N'Mandagadde',N'ಮಂಡಗದ್ದೆ',138,15);
INSERT INTO Hoblis (KGISCode,NameEN,NameKN,TalukId,DistrictId) VALUES ('150505',N'Agrahara',N'ಅಗ್ರಹಾರ',138,15);
INSERT INTO Hoblis (KGISCode,NameEN,NameKN,TalukId,DistrictId) VALUES ('150601',N'Kasaba AI',N'ಕಸಬಾ(I)',139,15);
INSERT INTO Hoblis (KGISCode,NameEN,NameKN,TalukId,DistrictId) VALUES ('150602',N'Kasaba AIAI',N'ಕಸಬಾ(II)',139,15);
INSERT INTO Hoblis (KGISCode,NameEN,NameKN,TalukId,DistrictId) VALUES ('150603',N'Nidige AI',N'ನಿದಿಗೆ(I)',139,15);
INSERT INTO Hoblis (KGISCode,NameEN,NameKN,TalukId,DistrictId) VALUES ('150604',N'Nidige AIAI',N'ನಿದಿಗೆ(II)',139,15);
INSERT INTO Hoblis (KGISCode,NameEN,NameKN,TalukId,DistrictId) VALUES ('150605',N'Holaluruai',N'ಹೊಳಲೂರು(I)',139,15);
INSERT INTO Hoblis (KGISCode,NameEN,NameKN,TalukId,DistrictId) VALUES ('150606',N'Holaluraaiai',N'ಹೊಳಲೂರ(II)',139,15);
INSERT INTO Hoblis (KGISCode,NameEN,NameKN,TalukId,DistrictId) VALUES ('150607',N'Kunsi',N'ಕುಂಸಿ',139,15);
INSERT INTO Hoblis (KGISCode,NameEN,NameKN,TalukId,DistrictId) VALUES ('150608',N'Haranahalli',N'ಹಾರನಹಳ್ಳಿ',139,15);
INSERT INTO Hoblis (KGISCode,NameEN,NameKN,TalukId,DistrictId) VALUES ('150609',N'Ayanuru',N'ಆಯನೂರು',139,15);
INSERT INTO Hoblis (KGISCode,NameEN,NameKN,TalukId,DistrictId) VALUES ('150701',N'Kasaba AI',N'ಕಸಬಾ I',140,15);
INSERT INTO Hoblis (KGISCode,NameEN,NameKN,TalukId,DistrictId) VALUES ('150702',N'Kasaba AIAI',N'ಕಸಬಾ II',140,15);
INSERT INTO Hoblis (KGISCode,NameEN,NameKN,TalukId,DistrictId) VALUES ('150703',N'Kudligere',N'ಕೂಡ್ಲಿಗೆರೆ',140,15);
INSERT INTO Hoblis (KGISCode,NameEN,NameKN,TalukId,DistrictId) VALUES ('150704',N'Holehonnuru AI',N'ಹೊಳೆಹೊನ್ನುರು I',140,15);
INSERT INTO Hoblis (KGISCode,NameEN,NameKN,TalukId,DistrictId) VALUES ('150705',N'Holehonnuru AIAI',N'ಹೊಳೆಹೊನ್ನೂರು II',140,15);
INSERT INTO Hoblis (KGISCode,NameEN,NameKN,TalukId,DistrictId) VALUES ('150706',N'Holehonnuru AIAIAI',N'ಹೊಳೆಹೊನ್ನೂರು III',140,15);
INSERT INTO Hoblis (KGISCode,NameEN,NameKN,TalukId,DistrictId) VALUES ('160101',N'Kundapura',N'ಕುಂದಾಪುರ',141,16);
INSERT INTO Hoblis (KGISCode,NameEN,NameKN,TalukId,DistrictId) VALUES ('160103',N'Vandse',N'ವಂಡ್ಸೆ',141,16);
INSERT INTO Hoblis (KGISCode,NameEN,NameKN,TalukId,DistrictId) VALUES ('160201',N'Udupi',N'ಉಡುಪಿ',142,16);
INSERT INTO Hoblis (KGISCode,NameEN,NameKN,TalukId,DistrictId) VALUES ('160301',N'Ajekaru',N'ಅಜೆಕಾರು',143,16);
INSERT INTO Hoblis (KGISCode,NameEN,NameKN,TalukId,DistrictId) VALUES ('160302',N'Karkala',N'ಕಾರ್ಕಳ',143,16);
INSERT INTO Hoblis (KGISCode,NameEN,NameKN,TalukId,DistrictId) VALUES ('160402',N'Bainduru',N'ಬೈಂದೂರು',144,16);
INSERT INTO Hoblis (KGISCode,NameEN,NameKN,TalukId,DistrictId) VALUES ('160503',N'Kota',N'ಕೋಟ',145,16);
INSERT INTO Hoblis (KGISCode,NameEN,NameKN,TalukId,DistrictId) VALUES ('160504',N'Brahmavara',N'ಬ್ರಹ್ಮಾವರ',145,16);
INSERT INTO Hoblis (KGISCode,NameEN,NameKN,TalukId,DistrictId) VALUES ('160602',N'Kapu',N'ಕಾಪು',146,16);
INSERT INTO Hoblis (KGISCode,NameEN,NameKN,TalukId,DistrictId) VALUES ('160705',N'Hebri',N'ಹೆಬ್ರಿ',147,16);
INSERT INTO Hoblis (KGISCode,NameEN,NameKN,TalukId,DistrictId) VALUES ('170101',N'Kasaba',N'ಕಸಬಾ',148,17);
INSERT INTO Hoblis (KGISCode,NameEN,NameKN,TalukId,DistrictId) VALUES ('170102',N'Kigga',N'ಕಿಗ್ಗಾ',148,17);
INSERT INTO Hoblis (KGISCode,NameEN,NameKN,TalukId,DistrictId) VALUES ('170201',N'Kasaba',N'ಕಸಬಾ',149,17);
INSERT INTO Hoblis (KGISCode,NameEN,NameKN,TalukId,DistrictId) VALUES ('170202',N'Hariharapura',N'ಹರಿಹರಪುರ',149,17);
INSERT INTO Hoblis (KGISCode,NameEN,NameKN,TalukId,DistrictId) VALUES ('170203',N'Megunda',N'ಮೇಗುಂದ',149,17);
INSERT INTO Hoblis (KGISCode,NameEN,NameKN,TalukId,DistrictId) VALUES ('170301',N'Kasaba',N'ಕಸಬಾ',150,17);
INSERT INTO Hoblis (KGISCode,NameEN,NameKN,TalukId,DistrictId) VALUES ('170302',N'Balehonnuru',N'ಬಾಳೆಹೊನ್ನೂರು',150,17);
INSERT INTO Hoblis (KGISCode,NameEN,NameKN,TalukId,DistrictId) VALUES ('170401',N'Kasaba',N'ಕಸಬಾ',151,17);
INSERT INTO Hoblis (KGISCode,NameEN,NameKN,TalukId,DistrictId) VALUES ('170402',N'Lakkavalli',N'ಲಕ್ಕವಳ್ಳಿ',151,17);
INSERT INTO Hoblis (KGISCode,NameEN,NameKN,TalukId,DistrictId) VALUES ('170403',N'Lingadahalli',N'ಲಿಂಗದಹಳ್ಳಿ',151,17);
INSERT INTO Hoblis (KGISCode,NameEN,NameKN,TalukId,DistrictId) VALUES ('170404',N'Amrutapura',N'ಅಮೃತಾಪುರ',151,17);
INSERT INTO Hoblis (KGISCode,NameEN,NameKN,TalukId,DistrictId) VALUES ('170501',N'Kasaba',N'ಕಸಬಾ',152,17);
INSERT INTO Hoblis (KGISCode,NameEN,NameKN,TalukId,DistrictId) VALUES ('170502',N'Beeruru',N'ಬೀರೂರು',152,17);
INSERT INTO Hoblis (KGISCode,NameEN,NameKN,TalukId,DistrictId) VALUES ('170503',N'Yagati',N'ಯಗಟಿ',152,17);
INSERT INTO Hoblis (KGISCode,NameEN,NameKN,TalukId,DistrictId) VALUES ('170504',N'Hirenalluru',N'ಹಿರೇನಲ್ಲೂರು',152,17);
INSERT INTO Hoblis (KGISCode,NameEN,NameKN,TalukId,DistrictId) VALUES ('170505',N'Singatagere',N'ಸಿಂಗಟಗೆರೆ',152,17);
INSERT INTO Hoblis (KGISCode,NameEN,NameKN,TalukId,DistrictId) VALUES ('170506',N'Sakharayapattana',N'ಸಖರಾಯಪಟ್ಟಣ',152,17);
INSERT INTO Hoblis (KGISCode,NameEN,NameKN,TalukId,DistrictId) VALUES ('170507',N'Chowlahiriyur',N'ಚೌಳಹಿರಿಯೂರು',152,17);
INSERT INTO Hoblis (KGISCode,NameEN,NameKN,TalukId,DistrictId) VALUES ('170508',N'Panchanahalli',N'ಪಂಚನಹಳ್ಳಿ',152,17);
INSERT INTO Hoblis (KGISCode,NameEN,NameKN,TalukId,DistrictId) VALUES ('170601',N'Kasaba',N'ಕಸಬಾ',153,17);
INSERT INTO Hoblis (KGISCode,NameEN,NameKN,TalukId,DistrictId) VALUES ('170602',N'Ambale',N'ಅಂಬಳೆ',153,17);
INSERT INTO Hoblis (KGISCode,NameEN,NameKN,TalukId,DistrictId) VALUES ('170603',N'Vastare',N'ವಸ್ತಾರೆ',153,17);
INSERT INTO Hoblis (KGISCode,NameEN,NameKN,TalukId,DistrictId) VALUES ('170604',N'Avati',N'ಆವತಿ',153,17);
INSERT INTO Hoblis (KGISCode,NameEN,NameKN,TalukId,DistrictId) VALUES ('170605',N'Jagara',N'ಜಾಗರ',153,17);
INSERT INTO Hoblis (KGISCode,NameEN,NameKN,TalukId,DistrictId) VALUES ('170606',N'Alduru',N'ಆಲ್ಡೂರು',153,17);
INSERT INTO Hoblis (KGISCode,NameEN,NameKN,TalukId,DistrictId) VALUES ('170607',N'Khandya',N'ಖಾಂಡ್ಯ',153,17);
INSERT INTO Hoblis (KGISCode,NameEN,NameKN,TalukId,DistrictId) VALUES ('170608',N'Lakya',N'ಲಕ್ಯಾ',153,17);
INSERT INTO Hoblis (KGISCode,NameEN,NameKN,TalukId,DistrictId) VALUES ('170701',N'Kasaba',N'ಕಸಬಾ',154,17);
INSERT INTO Hoblis (KGISCode,NameEN,NameKN,TalukId,DistrictId) VALUES ('170703',N'Baluru',N'ಬಾಳೂರು',154,17);
INSERT INTO Hoblis (KGISCode,NameEN,NameKN,TalukId,DistrictId) VALUES ('170704',N'Gonibeedu',N'ಗೋಣಿಬೀಡು',154,17);
INSERT INTO Hoblis (KGISCode,NameEN,NameKN,TalukId,DistrictId) VALUES ('170705',N'Banakal',N'ಬಣಕಲ್',154,17);
INSERT INTO Hoblis (KGISCode,NameEN,NameKN,TalukId,DistrictId) VALUES ('170805',N'Ajjampura',N'ಅಜ್ಜಂಪುರ',155,17);
INSERT INTO Hoblis (KGISCode,NameEN,NameKN,TalukId,DistrictId) VALUES ('170806',N'Shivani',N'ಶಿವನಿ',155,17);
INSERT INTO Hoblis (KGISCode,NameEN,NameKN,TalukId,DistrictId) VALUES ('170902',N'Kalasa',N'ಕಳಸ',156,17);
INSERT INTO Hoblis (KGISCode,NameEN,NameKN,TalukId,DistrictId) VALUES ('180101',N'Kasaba',N'ಕಸಬಾ',157,18);
INSERT INTO Hoblis (KGISCode,NameEN,NameKN,TalukId,DistrictId) VALUES ('180102',N'Kandikere',N'ಕಂದಿಕೆರೆ',157,18);
INSERT INTO Hoblis (KGISCode,NameEN,NameKN,TalukId,DistrictId) VALUES ('180103',N'Shettikere',N'ಶೆಟ್ಟಿಕೆರೆ',157,18);
INSERT INTO Hoblis (KGISCode,NameEN,NameKN,TalukId,DistrictId) VALUES ('180104',N'Handanakere',N'ಹಂದನಕೆರೆ',157,18);
INSERT INTO Hoblis (KGISCode,NameEN,NameKN,TalukId,DistrictId) VALUES ('180105',N'Huliyaru',N'ಹುಳಿಯಾರು',157,18);
INSERT INTO Hoblis (KGISCode,NameEN,NameKN,TalukId,DistrictId) VALUES ('180201',N'Kasaba',N'ಕಸಬಾ',158,18);
INSERT INTO Hoblis (KGISCode,NameEN,NameKN,TalukId,DistrictId) VALUES ('180202',N'Kallambella',N'ಕಳ್ಳಂಬೆಳ್ಳ',158,18);
INSERT INTO Hoblis (KGISCode,NameEN,NameKN,TalukId,DistrictId) VALUES ('180203',N'Gowdagere',N'ಗೌಡಗೆರೆ',158,18);
INSERT INTO Hoblis (KGISCode,NameEN,NameKN,TalukId,DistrictId) VALUES ('180204',N'Hulikunte',N'ಹುಲಿಕುಂಟೆ',158,18);
INSERT INTO Hoblis (KGISCode,NameEN,NameKN,TalukId,DistrictId) VALUES ('180205',N'Bukkapattana',N'ಬುಕ್ಕಾಪಟ್ಟಣ',158,18);
INSERT INTO Hoblis (KGISCode,NameEN,NameKN,TalukId,DistrictId) VALUES ('180301',N'Kasaba',N'ಕಸಬಾ',159,18);
INSERT INTO Hoblis (KGISCode,NameEN,NameKN,TalukId,DistrictId) VALUES ('180302',N'Nagalamadike',N'ನಾಗಲಮಡಿಕೆ',159,18);
INSERT INTO Hoblis (KGISCode,NameEN,NameKN,TalukId,DistrictId) VALUES ('180303',N'Nidagal',N'ನಿಡಗಲ್ ಹೋಬಳಿ',159,18);
INSERT INTO Hoblis (KGISCode,NameEN,NameKN,TalukId,DistrictId) VALUES ('180304',N'Y N Hosakote',N'ವೈ.ಎನ್.ಹೊಸಕೋಟೆ',159,18);
INSERT INTO Hoblis (KGISCode,NameEN,NameKN,TalukId,DistrictId) VALUES ('180401',N'Dodderi',N'ದೊಡ್ಡೇರಿ',160,18);
INSERT INTO Hoblis (KGISCode,NameEN,NameKN,TalukId,DistrictId) VALUES ('180402',N'AI D Halli',N'ಐ.ಡಿ.ಹಳ್ಳಿ',160,18);
INSERT INTO Hoblis (KGISCode,NameEN,NameKN,TalukId,DistrictId) VALUES ('180403',N'Kodigenahalli',N'ಕೊಡಿಗೇನಹಳ್ಳಿ',160,18);
INSERT INTO Hoblis (KGISCode,NameEN,NameKN,TalukId,DistrictId) VALUES ('180404',N'Puravara',N'ಪುರವರ',160,18);
INSERT INTO Hoblis (KGISCode,NameEN,NameKN,TalukId,DistrictId) VALUES ('180405',N'Kasaba',N'ಕಸಬಾ',160,18);
INSERT INTO Hoblis (KGISCode,NameEN,NameKN,TalukId,DistrictId) VALUES ('180406',N'Midigeshi',N'ಮಿಡಿಗೇಶಿ',160,18);
INSERT INTO Hoblis (KGISCode,NameEN,NameKN,TalukId,DistrictId) VALUES ('180501',N'Kasaba',N'ಕಸಬಾ',161,18);
INSERT INTO Hoblis (KGISCode,NameEN,NameKN,TalukId,DistrictId) VALUES ('180502',N'Channarayanadurga',N'ಚನ್ನರಾಯನದುರ್ಗ',161,18);
INSERT INTO Hoblis (KGISCode,NameEN,NameKN,TalukId,DistrictId) VALUES ('180503',N'Holavanahalli',N'ಹೊಳವನಹಳ್ಳಿ',161,18);
INSERT INTO Hoblis (KGISCode,NameEN,NameKN,TalukId,DistrictId) VALUES ('180504',N'Kolala',N'ಕೋಳಾಲ',161,18);
INSERT INTO Hoblis (KGISCode,NameEN,NameKN,TalukId,DistrictId) VALUES ('180602',N'Hebburu',N'ಹೆಬ್ಬೂರು',162,18);
INSERT INTO Hoblis (KGISCode,NameEN,NameKN,TalukId,DistrictId) VALUES ('180603',N'Bellavi',N'ಬೆಳ್ಳಾವಿ',162,18);
INSERT INTO Hoblis (KGISCode,NameEN,NameKN,TalukId,DistrictId) VALUES ('180604',N'Guluru',N'ಗೂಳೂರು',162,18);
INSERT INTO Hoblis (KGISCode,NameEN,NameKN,TalukId,DistrictId) VALUES ('180605',N'Urdigere',N'ಊರ್ಡಿಗೆರೆ',162,18);
INSERT INTO Hoblis (KGISCode,NameEN,NameKN,TalukId,DistrictId) VALUES ('180606',N'Kora',N'ಕೋರ',162,18);
INSERT INTO Hoblis (KGISCode,NameEN,NameKN,TalukId,DistrictId) VALUES ('180607',N'Kasaba North',N'ಕಸಬಾ ಉತ್ತರ',162,18);
INSERT INTO Hoblis (KGISCode,NameEN,NameKN,TalukId,DistrictId) VALUES ('180608',N'Kasaba South',N'ಕಸಬಾ ದಕ್ಷಿಣ',162,18);
INSERT INTO Hoblis (KGISCode,NameEN,NameKN,TalukId,DistrictId) VALUES ('180609',N'Kasaba East',N'ಕಸಬಾ ಪೂರ್ವ',162,18);
INSERT INTO Hoblis (KGISCode,NameEN,NameKN,TalukId,DistrictId) VALUES ('180610',N'Kasaba West',N'ಕಸಬಾ ಪಶ್ಚಿಮ',162,18);
INSERT INTO Hoblis (KGISCode,NameEN,NameKN,TalukId,DistrictId) VALUES ('180701',N'Kasaba',N'ಕಸಬಾ',163,18);
INSERT INTO Hoblis (KGISCode,NameEN,NameKN,TalukId,DistrictId) VALUES ('180702',N'Nitturu',N'ನಿಟ್ಟೂರು',163,18);
INSERT INTO Hoblis (KGISCode,NameEN,NameKN,TalukId,DistrictId) VALUES ('180703',N'Cheluru',N'ಚೇಳೂರು',163,18);
INSERT INTO Hoblis (KGISCode,NameEN,NameKN,TalukId,DistrictId) VALUES ('180704',N'Kadaba',N'ಕಡಬ',163,18);
INSERT INTO Hoblis (KGISCode,NameEN,NameKN,TalukId,DistrictId) VALUES ('180705',N'Hagalavadi',N'ಹಾಗಲವಾಡಿ',163,18);
INSERT INTO Hoblis (KGISCode,NameEN,NameKN,TalukId,DistrictId) VALUES ('180706',N'C S Pura',N'ಸಿ.ಎಸ್.ಪುರ',163,18);
INSERT INTO Hoblis (KGISCode,NameEN,NameKN,TalukId,DistrictId) VALUES ('180801',N'Kasaba',N'ಕಸಬಾ',164,18);
INSERT INTO Hoblis (KGISCode,NameEN,NameKN,TalukId,DistrictId) VALUES ('180802',N'Honnavalli',N'ಹೊನ್ನವಳ್ಳಿ',164,18);
INSERT INTO Hoblis (KGISCode,NameEN,NameKN,TalukId,DistrictId) VALUES ('180803',N'Kibbanahalli',N'ಕಿಬ್ಬನಹಳ್ಳಿ',164,18);
INSERT INTO Hoblis (KGISCode,NameEN,NameKN,TalukId,DistrictId) VALUES ('180804',N'Nonavinakere',N'ನೊಣವಿನಕೆರೆ',164,18);
INSERT INTO Hoblis (KGISCode,NameEN,NameKN,TalukId,DistrictId) VALUES ('180901',N'Kasaba',N'ಕಸಬಾ',165,18);
INSERT INTO Hoblis (KGISCode,NameEN,NameKN,TalukId,DistrictId) VALUES ('180902',N'Dandinashivara',N'ದಂಡಿನಶಿವರ',165,18);
INSERT INTO Hoblis (KGISCode,NameEN,NameKN,TalukId,DistrictId) VALUES ('180903',N'Mayasandra',N'ಮಾಯಸಂದ್ರ',165,18);
INSERT INTO Hoblis (KGISCode,NameEN,NameKN,TalukId,DistrictId) VALUES ('180904',N'Dabbeghatta',N'ದಬ್ಬೇಘಟ್ಟ',165,18);
INSERT INTO Hoblis (KGISCode,NameEN,NameKN,TalukId,DistrictId) VALUES ('181001',N'Kasaba',N'ಕಸಬಾ',166,18);
INSERT INTO Hoblis (KGISCode,NameEN,NameKN,TalukId,DistrictId) VALUES ('181002',N'Kottagere',N'ಕೊತ್ತಗೆರೆ',166,18);
INSERT INTO Hoblis (KGISCode,NameEN,NameKN,TalukId,DistrictId) VALUES ('181003',N'Hutridurga',N'ಹುತ್ರಿದುರ್ಗ',166,18);
INSERT INTO Hoblis (KGISCode,NameEN,NameKN,TalukId,DistrictId) VALUES ('181004',N'Yadiyuru',N'ಯಡಿಯೂರು',166,18);
INSERT INTO Hoblis (KGISCode,NameEN,NameKN,TalukId,DistrictId) VALUES ('181005',N'Amrutturu',N'ಅಮೃತ್ತೂರು',166,18);
INSERT INTO Hoblis (KGISCode,NameEN,NameKN,TalukId,DistrictId) VALUES ('181006',N'Huliyuru Durga',N'ಹುಲಿಯೂರು ದುರ್ಗ',166,18);
INSERT INTO Hoblis (KGISCode,NameEN,NameKN,TalukId,DistrictId) VALUES ('190701',N'Kasaba',N'ಕಸಬಾ',167,19);
INSERT INTO Hoblis (KGISCode,NameEN,NameKN,TalukId,DistrictId) VALUES ('190702',N'Yelduru',N'ಯೆಲ್ದೂರು',167,19);
INSERT INTO Hoblis (KGISCode,NameEN,NameKN,TalukId,DistrictId) VALUES ('190703',N'Ronuru',N'ರೋಣೂರು',167,19);
INSERT INTO Hoblis (KGISCode,NameEN,NameKN,TalukId,DistrictId) VALUES ('190704',N'Nelavanki',N'ನೆಲವಂಕಿ',167,19);
INSERT INTO Hoblis (KGISCode,NameEN,NameKN,TalukId,DistrictId) VALUES ('190705',N'Rayalpadu',N'ರಾಯಲ್ಪಾಡು',167,19);
INSERT INTO Hoblis (KGISCode,NameEN,NameKN,TalukId,DistrictId) VALUES ('190801',N'Kasaba',N'ಕಸಬಾ',168,19);
INSERT INTO Hoblis (KGISCode,NameEN,NameKN,TalukId,DistrictId) VALUES ('190802',N'Vakkaleri',N'ವಕ್ಕಲೇರಿ',168,19);
INSERT INTO Hoblis (KGISCode,NameEN,NameKN,TalukId,DistrictId) VALUES ('190803',N'Narasapura',N'ನರಸಾಪುರ',168,19);
INSERT INTO Hoblis (KGISCode,NameEN,NameKN,TalukId,DistrictId) VALUES ('190804',N'Vemagallu',N'ವೇಮಗಲ್ಲು',168,19);
INSERT INTO Hoblis (KGISCode,NameEN,NameKN,TalukId,DistrictId) VALUES ('190805',N'Sugaturu',N'ಸುಗಟೂರು',168,19);
INSERT INTO Hoblis (KGISCode,NameEN,NameKN,TalukId,DistrictId) VALUES ('190806',N'Holuru',N'ಹೋಳೂರು',168,19);
INSERT INTO Hoblis (KGISCode,NameEN,NameKN,TalukId,DistrictId) VALUES ('190807',N'Hutturu',N'ಹುತ್ತೂರು',168,19);
INSERT INTO Hoblis (KGISCode,NameEN,NameKN,TalukId,DistrictId) VALUES ('190901',N'Kasaba',N'ಕಸಬಾ',169,19);
INSERT INTO Hoblis (KGISCode,NameEN,NameKN,TalukId,DistrictId) VALUES ('190902',N'Tekal',N'ಟೇಕಲ್',169,19);
INSERT INTO Hoblis (KGISCode,NameEN,NameKN,TalukId,DistrictId) VALUES ('190903',N'Lakkuru',N'ಲಕ್ಕೂರು',169,19);
INSERT INTO Hoblis (KGISCode,NameEN,NameKN,TalukId,DistrictId) VALUES ('190904',N'Masti',N'ಮಾಸ್ತಿ',169,19);
INSERT INTO Hoblis (KGISCode,NameEN,NameKN,TalukId,DistrictId) VALUES ('191001',N'Kasaba',N'ಕಸಬಾ',170,19);
INSERT INTO Hoblis (KGISCode,NameEN,NameKN,TalukId,DistrictId) VALUES ('191002',N'Rabartasan Pete',N'ರಾಬರ್ಟಸನ್ ಪೇಟೆ',170,19);
INSERT INTO Hoblis (KGISCode,NameEN,NameKN,TalukId,DistrictId) VALUES ('191005',N'Kamasamudra',N'ಕಾಮಸಮುದ್ರ',170,19);
INSERT INTO Hoblis (KGISCode,NameEN,NameKN,TalukId,DistrictId) VALUES ('191006',N'Budikote',N'ಬೂದಿಕೊಟೆ',170,19);
INSERT INTO Hoblis (KGISCode,NameEN,NameKN,TalukId,DistrictId) VALUES ('191101',N'Kasaba',N'ಕಸಬಾ',171,19);
INSERT INTO Hoblis (KGISCode,NameEN,NameKN,TalukId,DistrictId) VALUES ('191102',N'Avani',N'ಆವನಿ',171,19);
INSERT INTO Hoblis (KGISCode,NameEN,NameKN,TalukId,DistrictId) VALUES ('191103',N'Duggasandra',N'ದುಗ್ಗಸಂದ್ರ',171,19);
INSERT INTO Hoblis (KGISCode,NameEN,NameKN,TalukId,DistrictId) VALUES ('191104',N'Bairakuru',N'ಬೈರಕೂರು',171,19);
INSERT INTO Hoblis (KGISCode,NameEN,NameKN,TalukId,DistrictId) VALUES ('191105',N'Tayaluru',N'ತಾಯಲೂರು',171,19);
INSERT INTO Hoblis (KGISCode,NameEN,NameKN,TalukId,DistrictId) VALUES ('191202',N'Rabartasan Pete',N'ರಾಬರ್ಟಸನ್ ಪೇಟೆ',172,19);
INSERT INTO Hoblis (KGISCode,NameEN,NameKN,TalukId,DistrictId) VALUES ('191203',N'Betamangala',N'ಬೇತಮಂಗಲ',172,19);
INSERT INTO Hoblis (KGISCode,NameEN,NameKN,TalukId,DistrictId) VALUES ('191204',N'Kyasamballi',N'ಕ್ಯಾಸಂಬಳ್ಳಿ',172,19);
INSERT INTO Hoblis (KGISCode,NameEN,NameKN,TalukId,DistrictId) VALUES ('200101',N'Kasaba-1',N'ಕಸಬಾ1',173,20);
INSERT INTO Hoblis (KGISCode,NameEN,NameKN,TalukId,DistrictId) VALUES ('200102',N'Kasaba-2',N'ಕಸಬಾ2',173,20);
INSERT INTO Hoblis (KGISCode,NameEN,NameKN,TalukId,DistrictId) VALUES ('200103',N'Yashavantapura-1',N'ಯಶವಂತಪುರ1',173,20);
INSERT INTO Hoblis (KGISCode,NameEN,NameKN,TalukId,DistrictId) VALUES ('200104',N'Yashavantapura-2',N'ಯಶವಂತಪುರ2',173,20);
INSERT INTO Hoblis (KGISCode,NameEN,NameKN,TalukId,DistrictId) VALUES ('200105',N'Dasanapura-1',N'ದಾಸನಪುರ1',173,20);
INSERT INTO Hoblis (KGISCode,NameEN,NameKN,TalukId,DistrictId) VALUES ('200106',N'Dasanapura-2',N'ದಾಸನಪುರ2',173,20);
INSERT INTO Hoblis (KGISCode,NameEN,NameKN,TalukId,DistrictId) VALUES ('200107',N'Dasanapura-3',N'ದಾಸನಪುರ3',173,20);
INSERT INTO Hoblis (KGISCode,NameEN,NameKN,TalukId,DistrictId) VALUES ('200211',N'Uttarahalli-1',N'ಉತ್ತರಹಳ್ಳಿ -1',174,20);
INSERT INTO Hoblis (KGISCode,NameEN,NameKN,TalukId,DistrictId) VALUES ('200212',N'Uttarahalli-2',N'ಉತ್ತರಹಳ್ಳಿ -2',174,20);
INSERT INTO Hoblis (KGISCode,NameEN,NameKN,TalukId,DistrictId) VALUES ('200213',N'Uttarahalli-3',N'ಉತ್ತರಹಳ್ಳಿ -3',174,20);
INSERT INTO Hoblis (KGISCode,NameEN,NameKN,TalukId,DistrictId) VALUES ('200214',N'Uttarahalli-4',N'ಉತ್ತರಹಳ್ಳಿ -4',174,20);
INSERT INTO Hoblis (KGISCode,NameEN,NameKN,TalukId,DistrictId) VALUES ('200215',N'Beguru-1',N'ಬೇಗೂರು - 1',174,20);
INSERT INTO Hoblis (KGISCode,NameEN,NameKN,TalukId,DistrictId) VALUES ('200216',N'Beguru-2',N'ಬೇಗೂರು - 2',174,20);
INSERT INTO Hoblis (KGISCode,NameEN,NameKN,TalukId,DistrictId) VALUES ('200217',N'Beguru-3',N'ಬೇಗೂರು - 3',174,20);
INSERT INTO Hoblis (KGISCode,NameEN,NameKN,TalukId,DistrictId) VALUES ('200218',N'Kengeri-1',N'ಕೆಂಗೇರಿ - 1',174,20);
INSERT INTO Hoblis (KGISCode,NameEN,NameKN,TalukId,DistrictId) VALUES ('200219',N'Kengeri-2',N'ಕೆಂಗೇರಿ - 2',174,20);
INSERT INTO Hoblis (KGISCode,NameEN,NameKN,TalukId,DistrictId) VALUES ('200220',N'Kengeri-3',N'ಕೆಂಗೇರಿ - 3',174,20);
INSERT INTO Hoblis (KGISCode,NameEN,NameKN,TalukId,DistrictId) VALUES ('200221',N'Tavarekere-1',N'ತಾವರೆಕೆರೆ - 1',174,20);
INSERT INTO Hoblis (KGISCode,NameEN,NameKN,TalukId,DistrictId) VALUES ('200222',N'Tavarekere-2',N'ತಾವರೆಕೆರೆ - 2',174,20);
INSERT INTO Hoblis (KGISCode,NameEN,NameKN,TalukId,DistrictId) VALUES ('200223',N'Tavarekere-3',N'ತಾವರೆಕೆರೆ - 3',174,20);
INSERT INTO Hoblis (KGISCode,NameEN,NameKN,TalukId,DistrictId) VALUES ('200224',N'Kengeri-4',N'ಕೆಂಗೇರಿ-4',174,20);
INSERT INTO Hoblis (KGISCode,NameEN,NameKN,TalukId,DistrictId) VALUES ('200225',N'Uttarahalli-5',N'ಉತ್ತರಹಳ್ಳಿ -5',174,20);
INSERT INTO Hoblis (KGISCode,NameEN,NameKN,TalukId,DistrictId) VALUES ('200301',N'Kasaba',N'ಕಸಬಾ',175,20);
INSERT INTO Hoblis (KGISCode,NameEN,NameKN,TalukId,DistrictId) VALUES ('200302',N'Jigani',N'ಜಿಗಣಿ.',175,20);
INSERT INTO Hoblis (KGISCode,NameEN,NameKN,TalukId,DistrictId) VALUES ('200303',N'Attibele-1',N'ಅತ್ತಿಬೆಲೆ1',175,20);
INSERT INTO Hoblis (KGISCode,NameEN,NameKN,TalukId,DistrictId) VALUES ('200304',N'Attibele-2',N'ಅತ್ತಿಬೆಲೆ2',175,20);
INSERT INTO Hoblis (KGISCode,NameEN,NameKN,TalukId,DistrictId) VALUES ('200305',N'Sarjapura-1',N'ಸರ್ಜಾಪುರ1',175,20);
INSERT INTO Hoblis (KGISCode,NameEN,NameKN,TalukId,DistrictId) VALUES ('200306',N'Sarjapura-2',N'ಸರ್ಜಾಪುರ2',175,20);
INSERT INTO Hoblis (KGISCode,NameEN,NameKN,TalukId,DistrictId) VALUES ('200307',N'Kasaba-2',N'ಕಸಬಾ2',175,20);
INSERT INTO Hoblis (KGISCode,NameEN,NameKN,TalukId,DistrictId) VALUES ('200308',N'Jigani-2',N'ಜಿಗಣಿ2',175,20);
INSERT INTO Hoblis (KGISCode,NameEN,NameKN,TalukId,DistrictId) VALUES ('200309',N'Sarjapura-3',N'ಸರ್ಜಾಪುರ3',175,20);
INSERT INTO Hoblis (KGISCode,NameEN,NameKN,TalukId,DistrictId) VALUES ('200401',N'K R Pura-1',N'ಕೆ.ಆರ್.ಪುರ1',176,20);
INSERT INTO Hoblis (KGISCode,NameEN,NameKN,TalukId,DistrictId) VALUES ('200402',N'K R Pura-2',N'ಕೆ.ಆರ್.ಪುರ2',176,20);
INSERT INTO Hoblis (KGISCode,NameEN,NameKN,TalukId,DistrictId) VALUES ('200403',N'K R Pura-3',N'ಕೆ.ಆರ್.ಪುರ3',176,20);
INSERT INTO Hoblis (KGISCode,NameEN,NameKN,TalukId,DistrictId) VALUES ('200404',N'Varturu-1',N'ವರ್ತೂರು1',176,20);
INSERT INTO Hoblis (KGISCode,NameEN,NameKN,TalukId,DistrictId) VALUES ('200405',N'Varturu-2',N'ವರ್ತೂರು2',176,20);
INSERT INTO Hoblis (KGISCode,NameEN,NameKN,TalukId,DistrictId) VALUES ('200406',N'Bidarahalli-1',N'ಬಿದರಹಳ್ಳಿ1',176,20);
INSERT INTO Hoblis (KGISCode,NameEN,NameKN,TalukId,DistrictId) VALUES ('200407',N'Bidarahalli-2',N'ಬಿದರಹಳ್ಳಿ2',176,20);
INSERT INTO Hoblis (KGISCode,NameEN,NameKN,TalukId,DistrictId) VALUES ('200408',N'Mahadevapura',N'ಮಹದೇವಪುರ',176,20);
INSERT INTO Hoblis (KGISCode,NameEN,NameKN,TalukId,DistrictId) VALUES ('200409',N'Marathahalli',N'ಮಾರತಹಳ್ಳಿ',176,20);
INSERT INTO Hoblis (KGISCode,NameEN,NameKN,TalukId,DistrictId) VALUES ('200410',N'Bidarahalli-3',N'ಬಿದರಹಳ್ಳಿ3',176,20);
INSERT INTO Hoblis (KGISCode,NameEN,NameKN,TalukId,DistrictId) VALUES ('200501',N'Yalahanka-1',N'ಯಲಹಂಕ1',177,20);
INSERT INTO Hoblis (KGISCode,NameEN,NameKN,TalukId,DistrictId) VALUES ('200502',N'Yalahanka-2',N'ಯಲಹಂಕ2',177,20);
INSERT INTO Hoblis (KGISCode,NameEN,NameKN,TalukId,DistrictId) VALUES ('200503',N'Yalahanka-3',N'ಯಲಹಂಕ3',177,20);
INSERT INTO Hoblis (KGISCode,NameEN,NameKN,TalukId,DistrictId) VALUES ('200504',N'Jala-1',N'ಜಾಲ1',177,20);
INSERT INTO Hoblis (KGISCode,NameEN,NameKN,TalukId,DistrictId) VALUES ('200505',N'Jala-2',N'ಜಾಲ2',177,20);
INSERT INTO Hoblis (KGISCode,NameEN,NameKN,TalukId,DistrictId) VALUES ('200506',N'Hesarughatta-1',N'ಹೆಸರುಘಟ್ಟ1',177,20);
INSERT INTO Hoblis (KGISCode,NameEN,NameKN,TalukId,DistrictId) VALUES ('200507',N'Hesarughatta-2',N'ಹೆಸರುಘಟ್ಟ2',177,20);
INSERT INTO Hoblis (KGISCode,NameEN,NameKN,TalukId,DistrictId) VALUES ('200508',N'Jala-3',N'ಜಾಲ3',177,20);
INSERT INTO Hoblis (KGISCode,NameEN,NameKN,TalukId,DistrictId) VALUES ('210101',N'Kasaba',N'ಕಸಬಾ',178,21);
INSERT INTO Hoblis (KGISCode,NameEN,NameKN,TalukId,DistrictId) VALUES ('210102',N'Sompura',N'ಸೋಂಪುರ',178,21);
INSERT INTO Hoblis (KGISCode,NameEN,NameKN,TalukId,DistrictId) VALUES ('210103',N'Tyamagundlu',N'ತ್ಯಾಮಗೂಂಡ್ಲು',178,21);
INSERT INTO Hoblis (KGISCode,NameEN,NameKN,TalukId,DistrictId) VALUES ('210104',N'Kasaba-2',N'ಕಸಬಾ-2',178,21);
INSERT INTO Hoblis (KGISCode,NameEN,NameKN,TalukId,DistrictId) VALUES ('210105',N'Sompura-2',N'ಸೋಂಪುರ-2',178,21);
INSERT INTO Hoblis (KGISCode,NameEN,NameKN,TalukId,DistrictId) VALUES ('210106',N'Tyamagundlu-2',N'ತ್ಯಾಮಗೂಂಡ್ಲು-2',178,21);
INSERT INTO Hoblis (KGISCode,NameEN,NameKN,TalukId,DistrictId) VALUES ('210201',N'Kasaba',N'ಕಸಬಾ',179,21);
INSERT INTO Hoblis (KGISCode,NameEN,NameKN,TalukId,DistrictId) VALUES ('210202',N'Sasalu',N'ಸಾಸಲು',179,21);
INSERT INTO Hoblis (KGISCode,NameEN,NameKN,TalukId,DistrictId) VALUES ('210203',N'Madure',N'ಮದುರೆ',179,21);
INSERT INTO Hoblis (KGISCode,NameEN,NameKN,TalukId,DistrictId) VALUES ('210204',N'Doddabelavangala',N'ದೊಡ್ಡಬೆಳವಂಗಲ',179,21);
INSERT INTO Hoblis (KGISCode,NameEN,NameKN,TalukId,DistrictId) VALUES ('210205',N'Tubagere',N'ತೂಬಗೆರೆ',179,21);
INSERT INTO Hoblis (KGISCode,NameEN,NameKN,TalukId,DistrictId) VALUES ('210301',N'Vijayapura',N'ವಿಜಯಪುರ',180,21);
INSERT INTO Hoblis (KGISCode,NameEN,NameKN,TalukId,DistrictId) VALUES ('210302',N'Kasaba',N'ಕಸಬಾ',180,21);
INSERT INTO Hoblis (KGISCode,NameEN,NameKN,TalukId,DistrictId) VALUES ('210303',N'Channarayapattana',N'ಚನ್ನರಾಯಪಟ್ಟಣ',180,21);
INSERT INTO Hoblis (KGISCode,NameEN,NameKN,TalukId,DistrictId) VALUES ('210304',N'Kundana',N'ಕುಂದಾಣ',180,21);
INSERT INTO Hoblis (KGISCode,NameEN,NameKN,TalukId,DistrictId) VALUES ('210401',N'Kasaba',N'ಕಸಬಾ',181,21);
INSERT INTO Hoblis (KGISCode,NameEN,NameKN,TalukId,DistrictId) VALUES ('210402',N'Anugondanahalli',N'ಅನುಗೊಂಡನಹಳ್ಳಿ',181,21);
INSERT INTO Hoblis (KGISCode,NameEN,NameKN,TalukId,DistrictId) VALUES ('210403',N'Jadigenahalli',N'ಜಡಿಗೇನಹಳ್ಳಿ',181,21);
INSERT INTO Hoblis (KGISCode,NameEN,NameKN,TalukId,DistrictId) VALUES ('210404',N'Sulibele',N'ಸೂಲಿಬೆಲೆ',181,21);
INSERT INTO Hoblis (KGISCode,NameEN,NameKN,TalukId,DistrictId) VALUES ('210405',N'Nandagudi',N'ನಂದಗುಡಿ',181,21);
INSERT INTO Hoblis (KGISCode,NameEN,NameKN,TalukId,DistrictId) VALUES ('220101',N'Kasaba',N'ಕಸಬಾ',182,22);
INSERT INTO Hoblis (KGISCode,NameEN,NameKN,TalukId,DistrictId) VALUES ('220102',N'Kikkeri',N'ಕಿಕ್ಕೇರಿ',182,22);
INSERT INTO Hoblis (KGISCode,NameEN,NameKN,TalukId,DistrictId) VALUES ('220103',N'Sheelanere',N'ಶೀಳನೆರೆ',182,22);
INSERT INTO Hoblis (KGISCode,NameEN,NameKN,TalukId,DistrictId) VALUES ('220104',N'Bukinakere',N'ಬೂಕಿನಕೆರೆ',182,22);
INSERT INTO Hoblis (KGISCode,NameEN,NameKN,TalukId,DistrictId) VALUES ('220105',N'Akkihebbal',N'ಅಕ್ಕಿಹೆಬ್ಬಾಳ್',182,22);
INSERT INTO Hoblis (KGISCode,NameEN,NameKN,TalukId,DistrictId) VALUES ('220106',N'Santebachahalli',N'ಸಂತೇಬಾಚಹಳ್ಳಿ',182,22);
INSERT INTO Hoblis (KGISCode,NameEN,NameKN,TalukId,DistrictId) VALUES ('220201',N'Kasaba',N'ಕಸಬಾ',183,22);
INSERT INTO Hoblis (KGISCode,NameEN,NameKN,TalukId,DistrictId) VALUES ('220202',N'Devalapura',N'ದೇವಲಾಪುರ',183,22);
INSERT INTO Hoblis (KGISCode,NameEN,NameKN,TalukId,DistrictId) VALUES ('220203',N'Belluru',N'ಬೆಳ್ಳೂರು',183,22);
INSERT INTO Hoblis (KGISCode,NameEN,NameKN,TalukId,DistrictId) VALUES ('220204',N'Bindiganavile',N'ಬಿಂಡಿಗನವಿಲೆ',183,22);
INSERT INTO Hoblis (KGISCode,NameEN,NameKN,TalukId,DistrictId) VALUES ('220205',N'Honakere',N'ಹೊಣಕೆರೆ',183,22);
INSERT INTO Hoblis (KGISCode,NameEN,NameKN,TalukId,DistrictId) VALUES ('220301',N'Kasaba-1',N'ಕಸಬಾ1',184,22);
INSERT INTO Hoblis (KGISCode,NameEN,NameKN,TalukId,DistrictId) VALUES ('220302',N'Kasaba-2',N'ಕಸಬಾ2',184,22);
INSERT INTO Hoblis (KGISCode,NameEN,NameKN,TalukId,DistrictId) VALUES ('220303',N'Chinakurali',N'ಚಿನಕುರಳಿ',184,22);
INSERT INTO Hoblis (KGISCode,NameEN,NameKN,TalukId,DistrictId) VALUES ('220304',N'Melukote',N'ಮೇಲುಕೋಟೆ',184,22);
INSERT INTO Hoblis (KGISCode,NameEN,NameKN,TalukId,DistrictId) VALUES ('220401',N'Kasaba',N'ಕಸಬ',185,22);
INSERT INTO Hoblis (KGISCode,NameEN,NameKN,TalukId,DistrictId) VALUES ('220402',N'K Shettihalli-1',N'ಕೆ.ಶೆಟ್ಟಿಹಳ್ಳಿ-1',185,22);
INSERT INTO Hoblis (KGISCode,NameEN,NameKN,TalukId,DistrictId) VALUES ('220403',N'K Shettihalli-2',N'ಕೆ.ಶೆಟ್ಟಿಹಳ್ಳಿ-2',185,22);
INSERT INTO Hoblis (KGISCode,NameEN,NameKN,TalukId,DistrictId) VALUES ('220404',N'Arakere',N'ಅರಕೆರೆ',185,22);
INSERT INTO Hoblis (KGISCode,NameEN,NameKN,TalukId,DistrictId) VALUES ('220405',N'Belagola',N'ಬೆಳಗೊಳ',185,22);
INSERT INTO Hoblis (KGISCode,NameEN,NameKN,TalukId,DistrictId) VALUES ('220501',N'Kasaba-1',N'ಕಸಬಾ - 1',186,22);
INSERT INTO Hoblis (KGISCode,NameEN,NameKN,TalukId,DistrictId) VALUES ('220502',N'Kasaba-2',N'ಕಸಬಾ - 2',186,22);
INSERT INTO Hoblis (KGISCode,NameEN,NameKN,TalukId,DistrictId) VALUES ('220503',N'Kottatti-1',N'ಕೊತ್ತತ್ತಿ - 1',186,22);
INSERT INTO Hoblis (KGISCode,NameEN,NameKN,TalukId,DistrictId) VALUES ('220504',N'Kottatti-2',N'ಕೊತ್ತತ್ತಿ - 2',186,22);
INSERT INTO Hoblis (KGISCode,NameEN,NameKN,TalukId,DistrictId) VALUES ('220505',N'Keragodu-1',N'ಕೆರಗೋಡು -1',186,22);
INSERT INTO Hoblis (KGISCode,NameEN,NameKN,TalukId,DistrictId) VALUES ('220506',N'Keragodu-2',N'ಕೆರಗೋಡು - 2',186,22);
INSERT INTO Hoblis (KGISCode,NameEN,NameKN,TalukId,DistrictId) VALUES ('220507',N'Dudda-1',N'ದುದ್ದ - 1',186,22);
INSERT INTO Hoblis (KGISCode,NameEN,NameKN,TalukId,DistrictId) VALUES ('220508',N'Dudda-2',N'ದುದ್ದ - 2',186,22);
INSERT INTO Hoblis (KGISCode,NameEN,NameKN,TalukId,DistrictId) VALUES ('220509',N'Basaralu-1',N'ಬಸರಾಳು - 1',186,22);
INSERT INTO Hoblis (KGISCode,NameEN,NameKN,TalukId,DistrictId) VALUES ('220510',N'Basaralu-2',N'ಬಸರಾಳು - 2',186,22);
INSERT INTO Hoblis (KGISCode,NameEN,NameKN,TalukId,DistrictId) VALUES ('220601',N'Kasaba-1 ne Valaya',N'ಕಸಬ-1ನೇ ವಲಯ',187,22);
INSERT INTO Hoblis (KGISCode,NameEN,NameKN,TalukId,DistrictId) VALUES ('220602',N'Kasaba AIAI ne Valaya',N'ಕಸಬ-II ನೇ ವಲಯ',187,22);
INSERT INTO Hoblis (KGISCode,NameEN,NameKN,TalukId,DistrictId) VALUES ('220603',N'Ataguru',N'ಆತಗೂರು ಹೋಬಳಿ',187,22);
INSERT INTO Hoblis (KGISCode,NameEN,NameKN,TalukId,DistrictId) VALUES ('220604',N'Koppa',N'ಕೊಪ್ಪ ಹೋಬಳಿ',187,22);
INSERT INTO Hoblis (KGISCode,NameEN,NameKN,TalukId,DistrictId) VALUES ('220605',N'Koppa AI ne Valaya',N'ಕೊಪ್ಪ-Iನೇ ವಲಯ',187,22);
INSERT INTO Hoblis (KGISCode,NameEN,NameKN,TalukId,DistrictId) VALUES ('220606',N'Koppa AIAI ne Valaya',N'ಕೊಪ್ಪ-IIನೇ ವಲಯ',187,22);
INSERT INTO Hoblis (KGISCode,NameEN,NameKN,TalukId,DistrictId) VALUES ('220607',N'Koppa AIAIAI ne Valaya',N'ಕೊಪ್ಪ -IIIನೇ ವಲಯ',187,22);
INSERT INTO Hoblis (KGISCode,NameEN,NameKN,TalukId,DistrictId) VALUES ('220608',N'Ch A Kere AI ne Valaya',N'C.A.ಕೆರೆ Iನೇ ವಲಯ',187,22);
INSERT INTO Hoblis (KGISCode,NameEN,NameKN,TalukId,DistrictId) VALUES ('220609',N'Ch A Kere AIAI ne Valaya',N'C.A.ಕೆರೆ - IIನೇ ವಲಯ',187,22);
INSERT INTO Hoblis (KGISCode,NameEN,NameKN,TalukId,DistrictId) VALUES ('220610',N'Ch A Kere AIAIAI ne Valaya',N'C.A.ಕೆರೆ- IIIನೇ ವಲಯ',187,22);
INSERT INTO Hoblis (KGISCode,NameEN,NameKN,TalukId,DistrictId) VALUES ('220701',N'Kasaba AI',N'ಕಸಬಾ - I',188,22);
INSERT INTO Hoblis (KGISCode,NameEN,NameKN,TalukId,DistrictId) VALUES ('220702',N'Kasaba AIAI',N'ಕಸಬಾ - II',188,22);
INSERT INTO Hoblis (KGISCode,NameEN,NameKN,TalukId,DistrictId) VALUES ('220703',N'Kasaba AIAIAI',N'ಕಸಬಾ- III',188,22);
INSERT INTO Hoblis (KGISCode,NameEN,NameKN,TalukId,DistrictId) VALUES ('220704',N'Kirugavalu AI',N'ಕಿರುಗಾವಲು ಹೋಬಳಿ I',188,22);
INSERT INTO Hoblis (KGISCode,NameEN,NameKN,TalukId,DistrictId) VALUES ('220705',N'Kirugavalu AIAI',N'ಕಿರುಗಾವಲು ಹೋಬಳಿ II',188,22);
INSERT INTO Hoblis (KGISCode,NameEN,NameKN,TalukId,DistrictId) VALUES ('220706',N'Kirugavalu AIAIAI',N'ಕಿರುಗಾವಲು ಹೋಬಳಿ III',188,22);
INSERT INTO Hoblis (KGISCode,NameEN,NameKN,TalukId,DistrictId) VALUES ('220707',N'B G Pura AI',N'ಬಿ.ಜಿ.ಪುರ ಹೋಬಳಿ I',188,22);
INSERT INTO Hoblis (KGISCode,NameEN,NameKN,TalukId,DistrictId) VALUES ('220708',N'B G Pura AIAI',N'ಬಿ.ಜಿ.ಪುರ ಹೋಬಳಿ II',188,22);
INSERT INTO Hoblis (KGISCode,NameEN,NameKN,TalukId,DistrictId) VALUES ('220709',N'Halaguru',N'ಹಲಗೂರು ಹೋಬಳಿ',188,22);
INSERT INTO Hoblis (KGISCode,NameEN,NameKN,TalukId,DistrictId) VALUES ('230111',N'Kasaba',N'ಕಸಬಾ',189,23);
INSERT INTO Hoblis (KGISCode,NameEN,NameKN,TalukId,DistrictId) VALUES ('230112',N'Belagodu',N'ಬೆಳಗೋಡು',189,23);
INSERT INTO Hoblis (KGISCode,NameEN,NameKN,TalukId,DistrictId) VALUES ('230113',N'Hetturu',N'ಹೆತ್ತೂರು',189,23);
INSERT INTO Hoblis (KGISCode,NameEN,NameKN,TalukId,DistrictId) VALUES ('230114',N'Yasaluru',N'ಯಸಳೂರು',189,23);
INSERT INTO Hoblis (KGISCode,NameEN,NameKN,TalukId,DistrictId) VALUES ('230115',N'Hanubalu',N'ಹಾನುಬಾಳು',189,23);
INSERT INTO Hoblis (KGISCode,NameEN,NameKN,TalukId,DistrictId) VALUES ('230206',N'Kasaba',N'ಕಸಬಾ',190,23);
INSERT INTO Hoblis (KGISCode,NameEN,NameKN,TalukId,DistrictId) VALUES ('230207',N'Bikkodu',N'ಬಿಕ್ಕೋಡು',190,23);
INSERT INTO Hoblis (KGISCode,NameEN,NameKN,TalukId,DistrictId) VALUES ('230208',N'Madeehalli',N'ಮಾದೀಹಳ್ಳಿ',190,23);
INSERT INTO Hoblis (KGISCode,NameEN,NameKN,TalukId,DistrictId) VALUES ('230209',N'Halebeedu',N'ಹಳೇಬೀಡು',190,23);
INSERT INTO Hoblis (KGISCode,NameEN,NameKN,TalukId,DistrictId) VALUES ('230210',N'Arehalli',N'ಅರೇಹಳ್ಳಿ',190,23);
INSERT INTO Hoblis (KGISCode,NameEN,NameKN,TalukId,DistrictId) VALUES ('230306',N'Kasaba',N'ಕಸಬಾ',191,23);
INSERT INTO Hoblis (KGISCode,NameEN,NameKN,TalukId,DistrictId) VALUES ('230307',N'Javagal',N'ಜಾವಗಲ್',191,23);
INSERT INTO Hoblis (KGISCode,NameEN,NameKN,TalukId,DistrictId) VALUES ('230308',N'Kanakatte',N'ಕಣಕಟ್ಟೆ',191,23);
INSERT INTO Hoblis (KGISCode,NameEN,NameKN,TalukId,DistrictId) VALUES ('230309',N'Gandasi',N'ಗಂಡಸಿ',191,23);
INSERT INTO Hoblis (KGISCode,NameEN,NameKN,TalukId,DistrictId) VALUES ('230310',N'Banavara',N'ಬಾಣಾವರ',191,23);
INSERT INTO Hoblis (KGISCode,NameEN,NameKN,TalukId,DistrictId) VALUES ('230401',N'Kasaba',N'ಕಸಬಾ',192,23);
INSERT INTO Hoblis (KGISCode,NameEN,NameKN,TalukId,DistrictId) VALUES ('230402',N'Salagame',N'ಸಾಲಗಾಮೆ',192,23);
INSERT INTO Hoblis (KGISCode,NameEN,NameKN,TalukId,DistrictId) VALUES ('230403',N'Dudda',N'ದುದ್ದ',192,23);
INSERT INTO Hoblis (KGISCode,NameEN,NameKN,TalukId,DistrictId) VALUES ('230404',N'Shantigrama',N'ಶಾಂತಿಗ್ರಾಮ',192,23);
INSERT INTO Hoblis (KGISCode,NameEN,NameKN,TalukId,DistrictId) VALUES ('230405',N'Kattaya',N'ಕಟ್ಟಾಯ',192,23);
INSERT INTO Hoblis (KGISCode,NameEN,NameKN,TalukId,DistrictId) VALUES ('230516',N'Kasaba',N'ಕಸಬಾ',193,23);
INSERT INTO Hoblis (KGISCode,NameEN,NameKN,TalukId,DistrictId) VALUES ('230517',N'Palya',N'ಪಾಳ್ಯ',193,23);
INSERT INTO Hoblis (KGISCode,NameEN,NameKN,TalukId,DistrictId) VALUES ('230518',N'Kunduru',N'ಕುಂದೂರು',193,23);
INSERT INTO Hoblis (KGISCode,NameEN,NameKN,TalukId,DistrictId) VALUES ('230519',N'K Hosakote',N'ಕೆ.ಹೊಸಕೋಟೆ',193,23);
INSERT INTO Hoblis (KGISCode,NameEN,NameKN,TalukId,DistrictId) VALUES ('230601',N'Kasaba',N'ಕಸಬಾ',194,23);
INSERT INTO Hoblis (KGISCode,NameEN,NameKN,TalukId,DistrictId) VALUES ('230602',N'Mallipattana',N'ಮಲ್ಲಿಪಟ್ಟಣ',194,23);
INSERT INTO Hoblis (KGISCode,NameEN,NameKN,TalukId,DistrictId) VALUES ('230603',N'Doddamagge',N'ದೊಡ್ಡಮಗ್ಗೆ',194,23);
INSERT INTO Hoblis (KGISCode,NameEN,NameKN,TalukId,DistrictId) VALUES ('230604',N'Ramanathapura',N'ರಾಮನಾಥಪುರ',194,23);
INSERT INTO Hoblis (KGISCode,NameEN,NameKN,TalukId,DistrictId) VALUES ('230605',N'Konanuru',N'ಕೊಣನೂರು',194,23);
INSERT INTO Hoblis (KGISCode,NameEN,NameKN,TalukId,DistrictId) VALUES ('230717',N'Kasaba',N'ಕಸಬಾ',195,23);
INSERT INTO Hoblis (KGISCode,NameEN,NameKN,TalukId,DistrictId) VALUES ('230718',N'Halekote',N'ಹಳೇಕೋಟೆ',195,23);
INSERT INTO Hoblis (KGISCode,NameEN,NameKN,TalukId,DistrictId) VALUES ('230719',N'Hallimaisuru',N'ಹಳ್ಳಿಮೈಸೂರು',195,23);
INSERT INTO Hoblis (KGISCode,NameEN,NameKN,TalukId,DistrictId) VALUES ('230811',N'Kasaba',N'ಕಸಬಾ',196,23);
INSERT INTO Hoblis (KGISCode,NameEN,NameKN,TalukId,DistrictId) VALUES ('230812',N'Hireesave',N'ಹಿರೀಸಾವೆ',196,23);
INSERT INTO Hoblis (KGISCode,NameEN,NameKN,TalukId,DistrictId) VALUES ('230813',N'Dandiganahalli',N'ದಂಡಿಗನಹಳ್ಳಿ',196,23);
INSERT INTO Hoblis (KGISCode,NameEN,NameKN,TalukId,DistrictId) VALUES ('230814',N'Baguru',N'ಬಾಗೂರು',196,23);
INSERT INTO Hoblis (KGISCode,NameEN,NameKN,TalukId,DistrictId) VALUES ('230815',N'Shravanabelagola',N'ಶ್ರವಣಬೆಳಗೊಳ',196,23);
INSERT INTO Hoblis (KGISCode,NameEN,NameKN,TalukId,DistrictId) VALUES ('230816',N'Nuggehalli',N'ನುಗ್ಗೇಹಳ್ಳಿ',196,23);
INSERT INTO Hoblis (KGISCode,NameEN,NameKN,TalukId,DistrictId) VALUES ('240101',N'Mangaluru A',N'ಮಂಗಳೂರು.ಎ',197,24);
INSERT INTO Hoblis (KGISCode,NameEN,NameKN,TalukId,DistrictId) VALUES ('240102',N'Mangaluru B',N'ಮಂಗಳೂರು.ಬಿ',197,24);
INSERT INTO Hoblis (KGISCode,NameEN,NameKN,TalukId,DistrictId) VALUES ('240103',N'Suratkal',N'ಸುರತ್ಕಲ್',197,24);
INSERT INTO Hoblis (KGISCode,NameEN,NameKN,TalukId,DistrictId) VALUES ('240105',N'Gurupura',N'ಗುರುಪುರ',197,24);
INSERT INTO Hoblis (KGISCode,NameEN,NameKN,TalukId,DistrictId) VALUES ('240105',N'Gurupura',N'ಮಂಗಳೂರು.ಎ',197,24);
INSERT INTO Hoblis (KGISCode,NameEN,NameKN,TalukId,DistrictId) VALUES ('240201',N'Bantvala',N'ಬಂಟ್ವಾಳ',198,24);
INSERT INTO Hoblis (KGISCode,NameEN,NameKN,TalukId,DistrictId) VALUES ('240202',N'Panemangaluru',N'ಪಾಣೆಮಂಗಳೂರು',198,24);
INSERT INTO Hoblis (KGISCode,NameEN,NameKN,TalukId,DistrictId) VALUES ('240203',N'Vitla',N'ವಿಟ್ಲ',198,24);
INSERT INTO Hoblis (KGISCode,NameEN,NameKN,TalukId,DistrictId) VALUES ('240301',N'Beltangadi',N'ಬೆಳ್ತಂಗಡಿ',199,24);
INSERT INTO Hoblis (KGISCode,NameEN,NameKN,TalukId,DistrictId) VALUES ('240302',N'Kokkada',N'ಕೊಕ್ಕಡ',199,24);
INSERT INTO Hoblis (KGISCode,NameEN,NameKN,TalukId,DistrictId) VALUES ('240303',N'Venuru',N'ವೇಣೂರು',199,24);
INSERT INTO Hoblis (KGISCode,NameEN,NameKN,TalukId,DistrictId) VALUES ('240402',N'Putturu',N'ಪುತ್ತೂರು',200,24);
INSERT INTO Hoblis (KGISCode,NameEN,NameKN,TalukId,DistrictId) VALUES ('240403',N'Uppinangadi',N'ಉಪ್ಪಿನಂಗಡಿ',200,24);
INSERT INTO Hoblis (KGISCode,NameEN,NameKN,TalukId,DistrictId) VALUES ('240501',N'Sulya',N'ಸುಳ್ಯ',201,24);
INSERT INTO Hoblis (KGISCode,NameEN,NameKN,TalukId,DistrictId) VALUES ('240502',N'Panja',N'ಪಂಜ',201,24);
INSERT INTO Hoblis (KGISCode,NameEN,NameKN,TalukId,DistrictId) VALUES ('240606',N'Mudabidri',N'ಮೂಡಬಿದ್ರಿ',202,24);
INSERT INTO Hoblis (KGISCode,NameEN,NameKN,TalukId,DistrictId) VALUES ('240701',N'Kadaba',N'ಕಡಬ',203,24);
INSERT INTO Hoblis (KGISCode,NameEN,NameKN,TalukId,DistrictId) VALUES ('240702',N'Panja',N'ಪಂಜ',203,24);
INSERT INTO Hoblis (KGISCode,NameEN,NameKN,TalukId,DistrictId) VALUES ('240703',N'Uppinangadi',N'ಉಪ್ಪಿನಂಗಡಿ',203,24);
INSERT INTO Hoblis (KGISCode,NameEN,NameKN,TalukId,DistrictId) VALUES ('240804',N'Mulki',N'ಮುಲ್ಕಿ',204,24);
INSERT INTO Hoblis (KGISCode,NameEN,NameKN,TalukId,DistrictId) VALUES ('240902',N'Mangaluru B',N'ಮಂಗಳೂರು.ಬಿ',205,24);
INSERT INTO Hoblis (KGISCode,NameEN,NameKN,TalukId,DistrictId) VALUES ('240903',N'Panemangaluru',N'ಪಾಣೆಮಂಗಳೂರು',205,24);
INSERT INTO Hoblis (KGISCode,NameEN,NameKN,TalukId,DistrictId) VALUES ('250101',N'Madikeri',N'ಮಡಿಕೇರಿ',206,25);
INSERT INTO Hoblis (KGISCode,NameEN,NameKN,TalukId,DistrictId) VALUES ('250102',N'Sampaje',N'ಸಂಪಾಜೆ',206,25);
INSERT INTO Hoblis (KGISCode,NameEN,NameKN,TalukId,DistrictId) VALUES ('250103',N'Bhagamandala',N'ಭಾಗಮಂಡಲ',206,25);
INSERT INTO Hoblis (KGISCode,NameEN,NameKN,TalukId,DistrictId) VALUES ('250104',N'Napoklu',N'ನಾಪೋಕ್ಲು',206,25);
INSERT INTO Hoblis (KGISCode,NameEN,NameKN,TalukId,DistrictId) VALUES ('250203',N'Somavarapete',N'ಸೋಮವಾರಪೇಟೆ',207,25);
INSERT INTO Hoblis (KGISCode,NameEN,NameKN,TalukId,DistrictId) VALUES ('250204',N'Shantalli',N'ಶಾಂತಳ್ಳಿ',207,25);
INSERT INTO Hoblis (KGISCode,NameEN,NameKN,TalukId,DistrictId) VALUES ('250205',N'Shanivarasante',N'ಶನಿವಾರಸಂತೆ',207,25);
INSERT INTO Hoblis (KGISCode,NameEN,NameKN,TalukId,DistrictId) VALUES ('250206',N'Kodlipete',N'ಕೊಡ್ಲಿಪೇಟೆ',207,25);
INSERT INTO Hoblis (KGISCode,NameEN,NameKN,TalukId,DistrictId) VALUES ('250301',N'Virajapete',N'ವಿರಾಜಪೇಟೆ',208,25);
INSERT INTO Hoblis (KGISCode,NameEN,NameKN,TalukId,DistrictId) VALUES ('250303',N'Ammati',N'ಅಮ್ಮತಿ',208,25);
INSERT INTO Hoblis (KGISCode,NameEN,NameKN,TalukId,DistrictId) VALUES ('250402',N'Hudikeri',N'ಹುದಿಕೇರಿ',209,25);
INSERT INTO Hoblis (KGISCode,NameEN,NameKN,TalukId,DistrictId) VALUES ('250404',N'Shreemangala',N'ಶ್ರೀಮಂಗಲ',209,25);
INSERT INTO Hoblis (KGISCode,NameEN,NameKN,TalukId,DistrictId) VALUES ('250405',N'Ponnampete',N'ಪೊನ್ನಂಪೇಟೆ',209,25);
INSERT INTO Hoblis (KGISCode,NameEN,NameKN,TalukId,DistrictId) VALUES ('250406',N'Balele',N'ಬಾಳೆಲೆ',209,25);
INSERT INTO Hoblis (KGISCode,NameEN,NameKN,TalukId,DistrictId) VALUES ('250501',N'Suntikoppa',N'ಸುಂಟಿಕೊಪ್ಪ',210,25);
INSERT INTO Hoblis (KGISCode,NameEN,NameKN,TalukId,DistrictId) VALUES ('250502',N'Kushalanagara',N'ಕುಶಾಲನಗರ',210,25);
INSERT INTO Hoblis (KGISCode,NameEN,NameKN,TalukId,DistrictId) VALUES ('260101',N'Kasaba',N'ಕಸಬಾ',211,26);
INSERT INTO Hoblis (KGISCode,NameEN,NameKN,TalukId,DistrictId) VALUES ('260102',N'Haranahalli',N'ಹಾರನಹಳ್ಳಿ',211,26);
INSERT INTO Hoblis (KGISCode,NameEN,NameKN,TalukId,DistrictId) VALUES ('260103',N'Bettadapura',N'ಬೆಟ್ಟದಪುರ',211,26);
INSERT INTO Hoblis (KGISCode,NameEN,NameKN,TalukId,DistrictId) VALUES ('260104',N'Ravanduru',N'ರಾವಂದೂರು',211,26);
INSERT INTO Hoblis (KGISCode,NameEN,NameKN,TalukId,DistrictId) VALUES ('260201',N'Kasaba',N'ಕಸಬಾ',212,26);
INSERT INTO Hoblis (KGISCode,NameEN,NameKN,TalukId,DistrictId) VALUES ('260202',N'Bilikere',N'ಬಿಳಿಕೆರೆ',212,26);
INSERT INTO Hoblis (KGISCode,NameEN,NameKN,TalukId,DistrictId) VALUES ('260203',N'Hanagodu',N'ಹನಗೋಡು',212,26);
INSERT INTO Hoblis (KGISCode,NameEN,NameKN,TalukId,DistrictId) VALUES ('260204',N'Gavadagere',N'ಗಾವಡಗೆರೆ',212,26);
INSERT INTO Hoblis (KGISCode,NameEN,NameKN,TalukId,DistrictId) VALUES ('260301',N'Kasaba',N'ಕಸಬಾ',213,26);
INSERT INTO Hoblis (KGISCode,NameEN,NameKN,TalukId,DistrictId) VALUES ('260302',N'Hebbalu',N'ಹೆಬ್ಬಾಳು',213,26);
INSERT INTO Hoblis (KGISCode,NameEN,NameKN,TalukId,DistrictId) VALUES ('260306',N'Hosagrahara',N'ಹೊಸಅಗ್ರಹಾರ',213,26);
INSERT INTO Hoblis (KGISCode,NameEN,NameKN,TalukId,DistrictId) VALUES ('260401',N'Kasaba',N'ಕಸಬಾ',214,26);
INSERT INTO Hoblis (KGISCode,NameEN,NameKN,TalukId,DistrictId) VALUES ('260402',N'Varuna',N'ವರುಣ',214,26);
INSERT INTO Hoblis (KGISCode,NameEN,NameKN,TalukId,DistrictId) VALUES ('260403',N'Jayapura',N'ಜಯಪುರ',214,26);
INSERT INTO Hoblis (KGISCode,NameEN,NameKN,TalukId,DistrictId) VALUES ('260404',N'Ilavala',N'ಇಲವಾಲ',214,26);
INSERT INTO Hoblis (KGISCode,NameEN,NameKN,TalukId,DistrictId) VALUES ('260501',N'Kasaba',N'ಕಸಬಾ',215,26);
INSERT INTO Hoblis (KGISCode,NameEN,NameKN,TalukId,DistrictId) VALUES ('260502',N'Hampapura',N'ಹಂಪಾಪುರ',215,26);
INSERT INTO Hoblis (KGISCode,NameEN,NameKN,TalukId,DistrictId) VALUES ('260505',N'Antarasante',N'ಅಂತರಸಂತೆ',215,26);
INSERT INTO Hoblis (KGISCode,NameEN,NameKN,TalukId,DistrictId) VALUES ('260601',N'Kasaba',N'ಕಸಬಾ',216,26);
INSERT INTO Hoblis (KGISCode,NameEN,NameKN,TalukId,DistrictId) VALUES ('260602',N'Chikkayyanachatra',N'ಚಿಕ್ಕಯ್ಯನಛತ್ರ',216,26);
INSERT INTO Hoblis (KGISCode,NameEN,NameKN,TalukId,DistrictId) VALUES ('260603',N'Biligere',N'ಬಿಳಿಗೆರೆ',216,26);
INSERT INTO Hoblis (KGISCode,NameEN,NameKN,TalukId,DistrictId) VALUES ('260604',N'Doddakowlande',N'ದೊಡ್ಡಕೌಲಂದೆ',216,26);
INSERT INTO Hoblis (KGISCode,NameEN,NameKN,TalukId,DistrictId) VALUES ('260605',N'Hullahalli',N'ಹುಲ್ಲಹಳ್ಳಿ',216,26);
INSERT INTO Hoblis (KGISCode,NameEN,NameKN,TalukId,DistrictId) VALUES ('260701',N'Kasaba',N'ಕಸಬಾ',217,26);
INSERT INTO Hoblis (KGISCode,NameEN,NameKN,TalukId,DistrictId) VALUES ('260702',N'Bannuru',N'ಬನ್ನೂರು',217,26);
INSERT INTO Hoblis (KGISCode,NameEN,NameKN,TalukId,DistrictId) VALUES ('260703',N'Sosale',N'ಸೋಸಲೆ',217,26);
INSERT INTO Hoblis (KGISCode,NameEN,NameKN,TalukId,DistrictId) VALUES ('260704',N'Talakadu',N'ತಲಕಾಡು',217,26);
INSERT INTO Hoblis (KGISCode,NameEN,NameKN,TalukId,DistrictId) VALUES ('260705',N'Muguru',N'ಮೂಗೂರು',217,26);
INSERT INTO Hoblis (KGISCode,NameEN,NameKN,TalukId,DistrictId) VALUES ('260803',N'Saraguru',N'ಸರಗೂರು',218,26);
INSERT INTO Hoblis (KGISCode,NameEN,NameKN,TalukId,DistrictId) VALUES ('260804',N'Kandalike',N'ಕಂದಲಿಕೆ',218,26);
INSERT INTO Hoblis (KGISCode,NameEN,NameKN,TalukId,DistrictId) VALUES ('260903',N'Chunchanakatte',N'ಚುಂಚನಕಟ್ಟೆ',219,26);
INSERT INTO Hoblis (KGISCode,NameEN,NameKN,TalukId,DistrictId) VALUES ('260904',N'Saligrama',N'ಸಾಲಿಗ್ರಾಮ',219,26);
INSERT INTO Hoblis (KGISCode,NameEN,NameKN,TalukId,DistrictId) VALUES ('260905',N'Mirle',N'ಮಿರ್ಲೆ',219,26);
INSERT INTO Hoblis (KGISCode,NameEN,NameKN,TalukId,DistrictId) VALUES ('270101',N'Kasaba',N'ಕಸಬಾ',220,27);
INSERT INTO Hoblis (KGISCode,NameEN,NameKN,TalukId,DistrictId) VALUES ('270102',N'Hangala',N'ಹಂಗಳ',220,27);
INSERT INTO Hoblis (KGISCode,NameEN,NameKN,TalukId,DistrictId) VALUES ('270103',N'Terakanambi',N'ತೆರಕಣಾಂಬಿ',220,27);
INSERT INTO Hoblis (KGISCode,NameEN,NameKN,TalukId,DistrictId) VALUES ('270104',N'Beguru',N'ಬೇಗೂರು',220,27);
INSERT INTO Hoblis (KGISCode,NameEN,NameKN,TalukId,DistrictId) VALUES ('270201',N'Kasaba',N'ಕಸಬಾ',221,27);
INSERT INTO Hoblis (KGISCode,NameEN,NameKN,TalukId,DistrictId) VALUES ('270202',N'Santemarahalli',N'ಸಂತೇಮರಹಳ್ಳಿ',221,27);
INSERT INTO Hoblis (KGISCode,NameEN,NameKN,TalukId,DistrictId) VALUES ('270203',N'Chandakavadi',N'ಚಂದಕವಾಡಿ',221,27);
INSERT INTO Hoblis (KGISCode,NameEN,NameKN,TalukId,DistrictId) VALUES ('270204',N'Haradanahalli',N'ಹರದನಹಳ್ಳಿ',221,27);
INSERT INTO Hoblis (KGISCode,NameEN,NameKN,TalukId,DistrictId) VALUES ('270205',N'Harave',N'ಹರವೆ',221,27);
INSERT INTO Hoblis (KGISCode,NameEN,NameKN,TalukId,DistrictId) VALUES ('270301',N'Kasaba',N'ಕಸಬಾ',222,27);
INSERT INTO Hoblis (KGISCode,NameEN,NameKN,TalukId,DistrictId) VALUES ('270302',N'Agara',N'ಅಗರ',222,27);
INSERT INTO Hoblis (KGISCode,NameEN,NameKN,TalukId,DistrictId) VALUES ('270401',N'Kasaba',N'ಕಸಬಾ',223,27);
INSERT INTO Hoblis (KGISCode,NameEN,NameKN,TalukId,DistrictId) VALUES ('270402',N'Palya',N'ಪಾಳ್ಯ',223,27);
INSERT INTO Hoblis (KGISCode,NameEN,NameKN,TalukId,DistrictId) VALUES ('270503',N'Lokkanahalli',N'ಲೊಕ್ಕನಹಳ್ಳಿ',224,27);
INSERT INTO Hoblis (KGISCode,NameEN,NameKN,TalukId,DistrictId) VALUES ('270504',N'Hanuru',N'ಹನೂರು',224,27);
INSERT INTO Hoblis (KGISCode,NameEN,NameKN,TalukId,DistrictId) VALUES ('270505',N'Ramapura',N'ರಾಮಾಪುರ',224,27);
INSERT INTO Hoblis (KGISCode,NameEN,NameKN,TalukId,DistrictId) VALUES ('280101',N'Kasaba',N'ಕಸಬಾ',225,28);
INSERT INTO Hoblis (KGISCode,NameEN,NameKN,TalukId,DistrictId) VALUES ('280102',N'Nagaragere',N'ನಗರಗೆರೆ',225,28);
INSERT INTO Hoblis (KGISCode,NameEN,NameKN,TalukId,DistrictId) VALUES ('280103',N'D Palya',N'ಡಿ.ಪಾಳ್ಯ',225,28);
INSERT INTO Hoblis (KGISCode,NameEN,NameKN,TalukId,DistrictId) VALUES ('280105',N'Tondebavi',N'ತೊಂಡೇಬಾವಿ',225,28);
INSERT INTO Hoblis (KGISCode,NameEN,NameKN,TalukId,DistrictId) VALUES ('280106',N'Hosuru',N'ಹೊಸುರು',225,28);
INSERT INTO Hoblis (KGISCode,NameEN,NameKN,TalukId,DistrictId) VALUES ('280201',N'Kasaba',N'ಕಸಬಾ',226,28);
INSERT INTO Hoblis (KGISCode,NameEN,NameKN,TalukId,DistrictId) VALUES ('280202',N'Nandi',N'ನಂದಿ',226,28);
INSERT INTO Hoblis (KGISCode,NameEN,NameKN,TalukId,DistrictId) VALUES ('280203',N'Mandikallu',N'ಮಂಡಿಕಲ್ಲು',226,28);
INSERT INTO Hoblis (KGISCode,NameEN,NameKN,TalukId,DistrictId) VALUES ('280301',N'Kasaba',N'ಕಸಬಾ',227,28);
INSERT INTO Hoblis (KGISCode,NameEN,NameKN,TalukId,DistrictId) VALUES ('280302',N'Somenahalli',N'ಸೋಮೇನಹಳ್ಳಿ',227,28);
INSERT INTO Hoblis (KGISCode,NameEN,NameKN,TalukId,DistrictId) VALUES ('280401',N'Kasaba',N'ಕಸಬಾ',228,28);
INSERT INTO Hoblis (KGISCode,NameEN,NameKN,TalukId,DistrictId) VALUES ('280402',N'Guluru',N'ಗೂಳೂರು',228,28);
INSERT INTO Hoblis (KGISCode,NameEN,NameKN,TalukId,DistrictId) VALUES ('280403',N'Patapalya',N'ಪಾತಪಾಳ್ಯ',228,28);
INSERT INTO Hoblis (KGISCode,NameEN,NameKN,TalukId,DistrictId) VALUES ('280405',N'Mittemari',N'ಮಿಟ್ಟೇಮರಿ',228,28);
INSERT INTO Hoblis (KGISCode,NameEN,NameKN,TalukId,DistrictId) VALUES ('280501',N'Kasaba',N'ಕಸಬಾ',229,28);
INSERT INTO Hoblis (KGISCode,NameEN,NameKN,TalukId,DistrictId) VALUES ('280502',N'Jangamakote',N'ಜಂಗಮಕೋಟೆ',229,28);
INSERT INTO Hoblis (KGISCode,NameEN,NameKN,TalukId,DistrictId) VALUES ('280503',N'Bashettihalli',N'ಬಶೆಟ್ಟಿಹಳ್ಳಿ',229,28);
INSERT INTO Hoblis (KGISCode,NameEN,NameKN,TalukId,DistrictId) VALUES ('280504',N'Sadali',N'ಸಾದಲಿ',229,28);
INSERT INTO Hoblis (KGISCode,NameEN,NameKN,TalukId,DistrictId) VALUES ('280601',N'Kasaba',N'ಕಸಬಾ',230,28);
INSERT INTO Hoblis (KGISCode,NameEN,NameKN,TalukId,DistrictId) VALUES ('280602',N'Kaivara',N'ಕೈವಾರ',230,28);
INSERT INTO Hoblis (KGISCode,NameEN,NameKN,TalukId,DistrictId) VALUES ('280603',N'Ambajidurga',N'ಅಂಬಾಜಿದುರ್ಗ',230,28);
INSERT INTO Hoblis (KGISCode,NameEN,NameKN,TalukId,DistrictId) VALUES ('280605',N'Munganahalli',N'ಮುಂಗಾನಹಳ್ಳಿ',230,28);
INSERT INTO Hoblis (KGISCode,NameEN,NameKN,TalukId,DistrictId) VALUES ('280606',N'Muragamalla',N'ಮುರಗಮಲ್ಲ',230,28);
INSERT INTO Hoblis (KGISCode,NameEN,NameKN,TalukId,DistrictId) VALUES ('280704',N'Manchenahalli',N'ಮಂಚೇನಹಳ್ಳಿ',231,28);
INSERT INTO Hoblis (KGISCode,NameEN,NameKN,TalukId,DistrictId) VALUES ('280803',N'Patapalya',N'ಪಾತಪಾಳ್ಯ',232,28);
INSERT INTO Hoblis (KGISCode,NameEN,NameKN,TalukId,DistrictId) VALUES ('280804',N'Cheluru',N'ಚೇಳೂರು',232,28);
INSERT INTO Hoblis (KGISCode,NameEN,NameKN,TalukId,DistrictId) VALUES ('280805',N'Mittemari',N'ಮಿಟ್ಟೇಮರಿ',232,28);
INSERT INTO Hoblis (KGISCode,NameEN,NameKN,TalukId,DistrictId) VALUES ('280807',N'Chilakalanerpu',N'ಚಿಲಕಲನೇರ್ಪು',232,28);
INSERT INTO Hoblis (KGISCode,NameEN,NameKN,TalukId,DistrictId) VALUES ('290101',N'Kasaba',N'ಕಸಬಾ',233,29);
INSERT INTO Hoblis (KGISCode,NameEN,NameKN,TalukId,DistrictId) VALUES ('290102',N'Madabal',N'ಮಾಡಬಾಳ್',233,29);
INSERT INTO Hoblis (KGISCode,NameEN,NameKN,TalukId,DistrictId) VALUES ('290103',N'Soluru',N'ಸೋಲೂರು',233,29);
INSERT INTO Hoblis (KGISCode,NameEN,NameKN,TalukId,DistrictId) VALUES ('290104',N'Kuduru',N'ಕುದೂರು',233,29);
INSERT INTO Hoblis (KGISCode,NameEN,NameKN,TalukId,DistrictId) VALUES ('290105',N'Tippasandra',N'ತಿಪ್ಪಸಂದ್ರ',233,29);
INSERT INTO Hoblis (KGISCode,NameEN,NameKN,TalukId,DistrictId) VALUES ('290203',N'Kutagala',N'ಕೂಟಗಲ',234,29);
INSERT INTO Hoblis (KGISCode,NameEN,NameKN,TalukId,DistrictId) VALUES ('290205',N'Kasaba-1',N'ಕಸಬಾ1',234,29);
INSERT INTO Hoblis (KGISCode,NameEN,NameKN,TalukId,DistrictId) VALUES ('290206',N'Kasaba-2',N'ಕಸಬಾ2',234,29);
INSERT INTO Hoblis (KGISCode,NameEN,NameKN,TalukId,DistrictId) VALUES ('290207',N'Kailancha-1',N'ಕೈಲಾಂಚ-1',234,29);
INSERT INTO Hoblis (KGISCode,NameEN,NameKN,TalukId,DistrictId) VALUES ('290208',N'Kailancha-2',N'ಕೈಲಾಂಚ-2',234,29);
INSERT INTO Hoblis (KGISCode,NameEN,NameKN,TalukId,DistrictId) VALUES ('290209',N'Bidadi-1',N'ಬಿಡದಿ 1',234,29);
INSERT INTO Hoblis (KGISCode,NameEN,NameKN,TalukId,DistrictId) VALUES ('290210',N'Bidadi-2',N'ಬಿಡದಿ 2',234,29);
INSERT INTO Hoblis (KGISCode,NameEN,NameKN,TalukId,DistrictId) VALUES ('290301',N'Kasaba',N'ಕಸಬಾ',235,29);
INSERT INTO Hoblis (KGISCode,NameEN,NameKN,TalukId,DistrictId) VALUES ('290302',N'Maluru',N'ಮಳೂರು',235,29);
INSERT INTO Hoblis (KGISCode,NameEN,NameKN,TalukId,DistrictId) VALUES ('290303',N'Virupakshipura',N'ವಿರುಪಾಕ್ಷಿಪುರ',235,29);
INSERT INTO Hoblis (KGISCode,NameEN,NameKN,TalukId,DistrictId) VALUES ('290401',N'Kasaba',N'ಕಸಬಾ',236,29);
INSERT INTO Hoblis (KGISCode,NameEN,NameKN,TalukId,DistrictId) VALUES ('290404',N'Satanuru',N'ಸಾತನೂರು',236,29);
INSERT INTO Hoblis (KGISCode,NameEN,NameKN,TalukId,DistrictId) VALUES ('290405',N'Kodihalli',N'ಕೋಡಿಹಳ್ಳಿ',236,29);
INSERT INTO Hoblis (KGISCode,NameEN,NameKN,TalukId,DistrictId) VALUES ('290406',N'Uyyamballi',N'ಉಯ್ಯಂಬಳ್ಳಿ',236,29);
INSERT INTO Hoblis (KGISCode,NameEN,NameKN,TalukId,DistrictId) VALUES ('290502',N'Harohalli',N'ಹಾರೋಹಳ್ಳಿ',237,29);
INSERT INTO Hoblis (KGISCode,NameEN,NameKN,TalukId,DistrictId) VALUES ('290503',N'Maralavadi',N'ಮರಳವಾಡಿ',237,29);
INSERT INTO Hoblis (KGISCode,NameEN,NameKN,TalukId,DistrictId) VALUES ('300102',N'Hattikuni',N'ಹತ್ತಿಕುಣಿ',238,30);
INSERT INTO Hoblis (KGISCode,NameEN,NameKN,TalukId,DistrictId) VALUES ('300103',N'Balichakra',N'ಬಳಿಚಕ್ರ',238,30);
INSERT INTO Hoblis (KGISCode,NameEN,NameKN,TalukId,DistrictId) VALUES ('300104',N'Saidapora',N'ಸೈದಾಪೊರ',238,30);
INSERT INTO Hoblis (KGISCode,NameEN,NameKN,TalukId,DistrictId) VALUES ('300106',N'Yadagiri',N'ಯಾದಗಿರಿ',238,30);
INSERT INTO Hoblis (KGISCode,NameEN,NameKN,TalukId,DistrictId) VALUES ('300201',N'Shahapura',N'ಶಾಹಾಪೂರ',239,30);
INSERT INTO Hoblis (KGISCode,NameEN,NameKN,TalukId,DistrictId) VALUES ('300202',N'Gogi',N'ಗೋಗಿ',239,30);
INSERT INTO Hoblis (KGISCode,NameEN,NameKN,TalukId,DistrictId) VALUES ('300203',N'Doranalli',N'ದೋರನಳ್ಳಿ',239,30);
INSERT INTO Hoblis (KGISCode,NameEN,NameKN,TalukId,DistrictId) VALUES ('300204',N'Haiyyala  B',N'ಹೈಯ್ಯಾಳ  ಬಿ',239,30);
INSERT INTO Hoblis (KGISCode,NameEN,NameKN,TalukId,DistrictId) VALUES ('300301',N'Shorapura',N'ಶೋರಾಪೂರ',240,30);
INSERT INTO Hoblis (KGISCode,NameEN,NameKN,TalukId,DistrictId) VALUES ('300302',N'Kakkera',N'ಕಕ್ಕೇರಾ',240,30);
INSERT INTO Hoblis (KGISCode,NameEN,NameKN,TalukId,DistrictId) VALUES ('300304',N'Kembhavi',N'ಕೆಂಭಾವಿ',240,30);
INSERT INTO Hoblis (KGISCode,NameEN,NameKN,TalukId,DistrictId) VALUES ('300401',N'Gurumitakala',N'ಗುರುಮಿಟಕಲ',241,30);
INSERT INTO Hoblis (KGISCode,NameEN,NameKN,TalukId,DistrictId) VALUES ('300403',N'Balichakra',N'ಬಳಿಚಕ್ರ',241,30);
INSERT INTO Hoblis (KGISCode,NameEN,NameKN,TalukId,DistrictId) VALUES ('300404',N'Saidapora',N'ಸೈದಾಪೊರ',241,30);
INSERT INTO Hoblis (KGISCode,NameEN,NameKN,TalukId,DistrictId) VALUES ('300405',N'Konkala',N'ಕೊಂಕಲ',241,30);
INSERT INTO Hoblis (KGISCode,NameEN,NameKN,TalukId,DistrictId) VALUES ('300503',N'Doranalli',N'ದೋರನಳ್ಳಿ',242,30);
INSERT INTO Hoblis (KGISCode,NameEN,NameKN,TalukId,DistrictId) VALUES ('300504',N'Haiyyala  B',N'ಹೈಯ್ಯಾಳ  ಬಿ',242,30);
INSERT INTO Hoblis (KGISCode,NameEN,NameKN,TalukId,DistrictId) VALUES ('300505',N'Vadagera',N'ವಡಗೇರಾ',242,30);
INSERT INTO Hoblis (KGISCode,NameEN,NameKN,TalukId,DistrictId) VALUES ('300602',N'Kakkera',N'ಕಕ್ಕೇರಾ',243,30);
INSERT INTO Hoblis (KGISCode,NameEN,NameKN,TalukId,DistrictId) VALUES ('300603',N'Hunasigi',N'ಹುಣಸಿಗಿ',243,30);
INSERT INTO Hoblis (KGISCode,NameEN,NameKN,TalukId,DistrictId) VALUES ('300605',N'Kodekal',N'ಕೊಡೇಕಲ್',243,30);
INSERT INTO Hoblis (KGISCode,NameEN,NameKN,TalukId,DistrictId) VALUES ('310101',N'Hosapete',N'ಹೊಸಪೇಟೆ',244,31);
INSERT INTO Hoblis (KGISCode,NameEN,NameKN,TalukId,DistrictId) VALUES ('310102',N'Kamalapura',N'ಕಮಲಾಪುರ',244,31);
INSERT INTO Hoblis (KGISCode,NameEN,NameKN,TalukId,DistrictId) VALUES ('310104',N'Mariyammanahalli',N'ಮರಿಯಮ್ಮನಹಳ್ಳಿ',244,31);
INSERT INTO Hoblis (KGISCode,NameEN,NameKN,TalukId,DistrictId) VALUES ('310201',N'Kudligi',N'ಕೂಡ್ಲಿಗಿ',245,31);
INSERT INTO Hoblis (KGISCode,NameEN,NameKN,TalukId,DistrictId) VALUES ('310202',N'Gudekote',N'ಗುಡೇಕೋಟೆ',245,31);
INSERT INTO Hoblis (KGISCode,NameEN,NameKN,TalukId,DistrictId) VALUES ('310203',N'Hosahalli',N'ಹೊಸಹಳ್ಳಿ',245,31);
INSERT INTO Hoblis (KGISCode,NameEN,NameKN,TalukId,DistrictId) VALUES ('310301',N'Hagaribommanahalli',N'ಹಗರಿಬೊಮ್ಮನಹಳ್ಳಿ',246,31);
INSERT INTO Hoblis (KGISCode,NameEN,NameKN,TalukId,DistrictId) VALUES ('310303',N'Hampasagara',N'ಹಂಪಸಾಗರ',246,31);
INSERT INTO Hoblis (KGISCode,NameEN,NameKN,TalukId,DistrictId) VALUES ('310304',N'Tambrahalli',N'ತಂಬ್ರಹಳ್ಳಿ',246,31);
INSERT INTO Hoblis (KGISCode,NameEN,NameKN,TalukId,DistrictId) VALUES ('310401',N'Arasikeri',N'ಅರಸಿಕೇರಿ',247,31);
INSERT INTO Hoblis (KGISCode,NameEN,NameKN,TalukId,DistrictId) VALUES ('310402',N'Chigateri',N'ಚಿಗಟೇರಿ',247,31);
INSERT INTO Hoblis (KGISCode,NameEN,NameKN,TalukId,DistrictId) VALUES ('310403',N'Kasaba',N'ಕಸಬಾ',247,31);
INSERT INTO Hoblis (KGISCode,NameEN,NameKN,TalukId,DistrictId) VALUES ('310404',N'Telagi',N'ತೆಲಗಿ',247,31);
INSERT INTO Hoblis (KGISCode,NameEN,NameKN,TalukId,DistrictId) VALUES ('310502',N'Kogali',N'ಕೋಗಳಿ',248,31);
INSERT INTO Hoblis (KGISCode,NameEN,NameKN,TalukId,DistrictId) VALUES ('310504',N'Kotturu',N'ಕೊಟ್ಟೂರು',248,31);
INSERT INTO Hoblis (KGISCode,NameEN,NameKN,TalukId,DistrictId) VALUES ('310601',N'Hadagali',N'ಹಡಗಲಿ',249,31);
INSERT INTO Hoblis (KGISCode,NameEN,NameKN,TalukId,DistrictId) VALUES ('310602',N'Ittigi',N'ಇಟ್ಟಿಗಿ',249,31);
INSERT INTO Hoblis (KGISCode,NameEN,NameKN,TalukId,DistrictId) VALUES ('310603',N'Hirehadagali',N'ಹಿರೇಹಡಗಲಿ',249,31);

-- STEP 8: Insert Towns (unique, 306)
INSERT INTO Towns (KGISTownId,KGISCode,NameEN,TownType,DistrictId) VALUES (235,'0101',N'Ainapur','TP',1);
INSERT INTO Towns (KGISTownId,KGISCode,NameEN,TownType,DistrictId) VALUES (23,'0102',N'Arabhavi','TP',1);
INSERT INTO Towns (KGISTownId,KGISCode,NameEN,TownType,DistrictId) VALUES (128,'0103',N'Athani','TMC',1);
INSERT INTO Towns (KGISTownId,KGISCode,NameEN,TownType,DistrictId) VALUES (161,'0104',N'Bailahongal','TMC',1);
INSERT INTO Towns (KGISTownId,KGISCode,NameEN,TownType,DistrictId) VALUES (1,'0105',N'Belagavi','CC',1);
INSERT INTO Towns (KGISTownId,KGISCode,NameEN,TownType,DistrictId) VALUES (158,'0106',N'BORAGAON','TP',1);
INSERT INTO Towns (KGISTownId,KGISCode,NameEN,TownType,DistrictId) VALUES (90,'0107',N'Chikkodi','TMC',1);
INSERT INTO Towns (KGISTownId,KGISCode,NameEN,TownType,DistrictId) VALUES (59,'0108',N'Chinchali','TP',1);
INSERT INTO Towns (KGISTownId,KGISCode,NameEN,TownType,DistrictId) VALUES (127,'0109',N'Examba','TP',1);
INSERT INTO Towns (KGISTownId,KGISCode,NameEN,TownType,DistrictId) VALUES (142,'0110',N'Gokak','CMC',1);
INSERT INTO Towns (KGISTownId,KGISCode,NameEN,TownType,DistrictId) VALUES (37,'0111',N'Harugeri','TMC',1);
INSERT INTO Towns (KGISTownId,KGISCode,NameEN,TownType,DistrictId) VALUES (143,'0112',N'Hukkeri','TMC',1);
INSERT INTO Towns (KGISTownId,KGISCode,NameEN,TownType,DistrictId) VALUES (126,'0113',N'Kabbur','TP',1);
INSERT INTO Towns (KGISTownId,KGISCode,NameEN,TownType,DistrictId) VALUES (9,'0114',N'Kankanawadi','TP',1);
INSERT INTO Towns (KGISTownId,KGISCode,NameEN,TownType,DistrictId) VALUES (21,'0115',N'Kallolli','TP',1);
INSERT INTO Towns (KGISTownId,KGISCode,NameEN,TownType,DistrictId) VALUES (31,'0116',N'Khanapura','TP',1);
INSERT INTO Towns (KGISTownId,KGISCode,NameEN,TownType,DistrictId) VALUES (60,'0117',N'Chennamman Kittur','TP',1);
INSERT INTO Towns (KGISTownId,KGISCode,NameEN,TownType,DistrictId) VALUES (10,'0118',N'Konnur','TMC',1);
INSERT INTO Towns (KGISTownId,KGISCode,NameEN,TownType,DistrictId) VALUES (66,'0119',N'Kudachi','TMC',1);
INSERT INTO Towns (KGISTownId,KGISCode,NameEN,TownType,DistrictId) VALUES (124,'0120',N'Ghataprabha','TMC',1);
INSERT INTO Towns (KGISTownId,KGISCode,NameEN,TownType,DistrictId) VALUES (125,'0121',N'M.K.Hubballi','TP',1);
INSERT INTO Towns (KGISTownId,KGISCode,NameEN,TownType,DistrictId) VALUES (123,'0122',N'Mudalagi','TMC',1);
INSERT INTO Towns (KGISTownId,KGISCode,NameEN,TownType,DistrictId) VALUES (35,'0123',N'Mugalkhod','TMC',1);
INSERT INTO Towns (KGISTownId,KGISCode,NameEN,TownType,DistrictId) VALUES (144,'0124',N'Munavalli','TMC',1);
INSERT INTO Towns (KGISTownId,KGISCode,NameEN,TownType,DistrictId) VALUES (34,'0125',N'Naganur','TP',1);
INSERT INTO Towns (KGISTownId,KGISCode,NameEN,TownType,DistrictId) VALUES (152,'0126',N'Nippani','CMC',1);
INSERT INTO Towns (KGISTownId,KGISCode,NameEN,TownType,DistrictId) VALUES (195,'0127',N'Ramdurga','TMC',1);
INSERT INTO Towns (KGISTownId,KGISCode,NameEN,TownType,DistrictId) VALUES (48,'0128',N'Sadalga','TMC',1);
INSERT INTO Towns (KGISTownId,KGISCode,NameEN,TownType,DistrictId) VALUES (149,'0129',N'Sankeshwar','TMC',1);
INSERT INTO Towns (KGISTownId,KGISCode,NameEN,TownType,DistrictId) VALUES (148,'0130',N'Saundatti','TMC',1);
INSERT INTO Towns (KGISTownId,KGISCode,NameEN,TownType,DistrictId) VALUES (147,'0131',N'Shedbal','TP',1);
INSERT INTO Towns (KGISTownId,KGISCode,NameEN,TownType,DistrictId) VALUES (13,'0132',N'Ugr Khurd','TMC',1);
INSERT INTO Towns (KGISTownId,KGISCode,NameEN,TownType,DistrictId) VALUES (49,'0133',N'Raibagh','TP',1);
INSERT INTO Towns (KGISTownId,KGISCode,NameEN,TownType,DistrictId) VALUES (164,'0201',N'Aminagad','TP',2);
INSERT INTO Towns (KGISTownId,KGISCode,NameEN,TownType,DistrictId) VALUES (162,'0202',N'Badami','TMC',2);
INSERT INTO Towns (KGISTownId,KGISCode,NameEN,TownType,DistrictId) VALUES (95,'0203',N'Bagalkote','CMC',2);
INSERT INTO Towns (KGISTownId,KGISCode,NameEN,TownType,DistrictId) VALUES (22,'0204',N'Belagali','TP',2);
INSERT INTO Towns (KGISTownId,KGISCode,NameEN,TownType,DistrictId) VALUES (159,'0205',N'Bilagi','TP',2);
INSERT INTO Towns (KGISTownId,KGISCode,NameEN,TownType,DistrictId) VALUES (157,'0206',N'Guledagudda','TMC',2);
INSERT INTO Towns (KGISTownId,KGISCode,NameEN,TownType,DistrictId) VALUES (156,'0207',N'Hunagunda','TMC',2);
INSERT INTO Towns (KGISTownId,KGISCode,NameEN,TownType,DistrictId) VALUES (54,'0208',N'Ilkal','CMC',2);
INSERT INTO Towns (KGISTownId,KGISCode,NameEN,TownType,DistrictId) VALUES (139,'0209',N'Jamakhandi','CMC',2);
INSERT INTO Towns (KGISTownId,KGISCode,NameEN,TownType,DistrictId) VALUES (64,'0210',N'Kamattagi','TP',2);
INSERT INTO Towns (KGISTownId,KGISCode,NameEN,TownType,DistrictId) VALUES (53,'0211',N'Kerur','TP',2);
INSERT INTO Towns (KGISTownId,KGISCode,NameEN,TownType,DistrictId) VALUES (20,'0212',N'Mahalingapura','TMC',2);
INSERT INTO Towns (KGISTownId,KGISCode,NameEN,TownType,DistrictId) VALUES (155,'0213',N'Mudhol','CMC',2);
INSERT INTO Towns (KGISTownId,KGISCode,NameEN,TownType,DistrictId) VALUES (151,'0214',N'Rabkavi Banahatti','CMC',2);
INSERT INTO Towns (KGISTownId,KGISCode,NameEN,TownType,DistrictId) VALUES (44,'0215',N'Terdal','TMC',2);
INSERT INTO Towns (KGISTownId,KGISCode,NameEN,TownType,DistrictId) VALUES (289,'0216',N'Lokapur','TP',2);
INSERT INTO Towns (KGISTownId,KGISCode,NameEN,TownType,DistrictId) VALUES (288,'0217',N'Shirur','TP',2);
INSERT INTO Towns (KGISTownId,KGISCode,NameEN,TownType,DistrictId) VALUES (205,'0301',N'Almel','TP',3);
INSERT INTO Towns (KGISTownId,KGISCode,NameEN,TownType,DistrictId) VALUES (203,'0302',N'Basavanabagewadi','TMC',3);
INSERT INTO Towns (KGISTownId,KGISCode,NameEN,TownType,DistrictId) VALUES (40,'0303',N'Chadachana','TP',3);
INSERT INTO Towns (KGISTownId,KGISCode,NameEN,TownType,DistrictId) VALUES (280,'0304',N'Devarahipparagi','TP',3);
INSERT INTO Towns (KGISTownId,KGISCode,NameEN,TownType,DistrictId) VALUES (15,'0305',N'Indi','TMC',3);
INSERT INTO Towns (KGISTownId,KGISCode,NameEN,TownType,DistrictId) VALUES (279,'0306',N'Kolhar','TP',3);
INSERT INTO Towns (KGISTownId,KGISCode,NameEN,TownType,DistrictId) VALUES (30,'0307',N'Managuli','TP',3);
INSERT INTO Towns (KGISTownId,KGISCode,NameEN,TownType,DistrictId) VALUES (36,'0308',N'Muddebihal','TMC',3);
INSERT INTO Towns (KGISTownId,KGISCode,NameEN,TownType,DistrictId) VALUES (29,'0309',N'Nalatawad','TP',3);
INSERT INTO Towns (KGISTownId,KGISCode,NameEN,TownType,DistrictId) VALUES (281,'0310',N'Nidgundi','TP',3);
INSERT INTO Towns (KGISTownId,KGISCode,NameEN,TownType,DistrictId) VALUES (33,'0311',N'Sindagi','TMC',3);
INSERT INTO Towns (KGISTownId,KGISCode,NameEN,TownType,DistrictId) VALUES (145,'0312',N'Talikote','TMC',3);
INSERT INTO Towns (KGISTownId,KGISCode,NameEN,TownType,DistrictId) VALUES (282,'0313',N'Vijayapura','CC',3);
INSERT INTO Towns (KGISTownId,KGISCode,NameEN,TownType,DistrictId) VALUES (298,'0314',N'Tikota','TP',3);
INSERT INTO Towns (KGISTownId,KGISCode,NameEN,TownType,DistrictId) VALUES (299,'0315',N'Babaleshwar','TP',3);
INSERT INTO Towns (KGISTownId,KGISCode,NameEN,TownType,DistrictId) VALUES (191,'0401',N'Afzalpura','TMC',4);
INSERT INTO Towns (KGISTownId,KGISCode,NameEN,TownType,DistrictId) VALUES (234,'0402',N'Aland','TMC',4);
INSERT INTO Towns (KGISTownId,KGISCode,NameEN,TownType,DistrictId) VALUES (233,'0403',N'Chincholi','TMC',4);
INSERT INTO Towns (KGISTownId,KGISCode,NameEN,TownType,DistrictId) VALUES (102,'0404',N'Chittapura','TMC',4);
INSERT INTO Towns (KGISTownId,KGISCode,NameEN,TownType,DistrictId) VALUES (244,'0405',N'Jewargi','TMC',4);
INSERT INTO Towns (KGISTownId,KGISCode,NameEN,TownType,DistrictId) VALUES (27,'0406',N'Kalaburagi','CC',4);
INSERT INTO Towns (KGISTownId,KGISCode,NameEN,TownType,DistrictId) VALUES (224,'0407',N'Sedam','TMC',4);
INSERT INTO Towns (KGISTownId,KGISCode,NameEN,TownType,DistrictId) VALUES (223,'0408',N'Shahabad','CMC',4);
INSERT INTO Towns (KGISTownId,KGISCode,NameEN,TownType,DistrictId) VALUES (101,'0409',N'Wadi','TMC',4);
INSERT INTO Towns (KGISTownId,KGISCode,NameEN,TownType,DistrictId) VALUES (76,'0410',N'Kalagi','TP',4);
INSERT INTO Towns (KGISTownId,KGISCode,NameEN,TownType,DistrictId) VALUES (222,'0411',N'Shahabad','NAC',4);
INSERT INTO Towns (KGISTownId,KGISCode,NameEN,TownType,DistrictId) VALUES (285,'0412',N'Kamalapur','TP',4);
INSERT INTO Towns (KGISTownId,KGISCode,NameEN,TownType,DistrictId) VALUES (287,'0413',N'Yadrami','TP',4);
INSERT INTO Towns (KGISTownId,KGISCode,NameEN,TownType,DistrictId) VALUES (122,'0501',N'Aurad','TP',5);
INSERT INTO Towns (KGISTownId,KGISCode,NameEN,TownType,DistrictId) VALUES (246,'0502',N'Basavakalyan','CMC',5);
INSERT INTO Towns (KGISTownId,KGISCode,NameEN,TownType,DistrictId) VALUES (245,'0503',N'Bhalki','TMC',5);
INSERT INTO Towns (KGISTownId,KGISCode,NameEN,TownType,DistrictId) VALUES (94,'0504',N'Bidar','CMC',5);
INSERT INTO Towns (KGISTownId,KGISCode,NameEN,TownType,DistrictId) VALUES (121,'0505',N'Chittaguppa','TMC',5);
INSERT INTO Towns (KGISTownId,KGISCode,NameEN,TownType,DistrictId) VALUES (141,'0506',N'Hallikhed','TMC',5);
INSERT INTO Towns (KGISTownId,KGISCode,NameEN,TownType,DistrictId) VALUES (120,'0507',N'Humnabad','TMC',5);
INSERT INTO Towns (KGISTownId,KGISCode,NameEN,TownType,DistrictId) VALUES (100,'0601',N'Balaganur','TP',6);
INSERT INTO Towns (KGISTownId,KGISCode,NameEN,TownType,DistrictId) VALUES (99,'0602',N'Devadurga','TMC',6);
INSERT INTO Towns (KGISTownId,KGISCode,NameEN,TownType,DistrictId) VALUES (286,'0603',N'Hatti Gold Mines','NAC',6);
INSERT INTO Towns (KGISTownId,KGISCode,NameEN,TownType,DistrictId) VALUES (228,'0605',N'Lingasugur','TMC',6);
INSERT INTO Towns (KGISTownId,KGISCode,NameEN,TownType,DistrictId) VALUES (227,'0606',N'Manvi','TMC',6);
INSERT INTO Towns (KGISTownId,KGISCode,NameEN,TownType,DistrictId) VALUES (226,'0607',N'Maski','TMC',6);
INSERT INTO Towns (KGISTownId,KGISCode,NameEN,TownType,DistrictId) VALUES (225,'0608',N'Mudgal','TMC',6);
INSERT INTO Towns (KGISTownId,KGISCode,NameEN,TownType,DistrictId) VALUES (231,'0609',N'Raichur','CMC',6);
INSERT INTO Towns (KGISTownId,KGISCode,NameEN,TownType,DistrictId) VALUES (230,'0610',N'Sindanoor','CMC',6);
INSERT INTO Towns (KGISTownId,KGISCode,NameEN,TownType,DistrictId) VALUES (241,'0611',N'Sirawar','TP',6);
INSERT INTO Towns (KGISTownId,KGISCode,NameEN,TownType,DistrictId) VALUES (220,'0612',N'Turvihal','TP',6);
INSERT INTO Towns (KGISTownId,KGISCode,NameEN,TownType,DistrictId) VALUES (189,'0613',N'Hatti','TP',6);
INSERT INTO Towns (KGISTownId,KGISCode,NameEN,TownType,DistrictId) VALUES (5,'0614',N'Kavitala','TP',6);
INSERT INTO Towns (KGISTownId,KGISCode,NameEN,TownType,DistrictId) VALUES (16,'0701',N'Bhagyanagar','TP',7);
INSERT INTO Towns (KGISTownId,KGISCode,NameEN,TownType,DistrictId) VALUES (243,'0702',N'Gangavathi','CMC',7);
INSERT INTO Towns (KGISTownId,KGISCode,NameEN,TownType,DistrictId) VALUES (73,'0703',N'Kanakagiri','TP',7);
INSERT INTO Towns (KGISTownId,KGISCode,NameEN,TownType,DistrictId) VALUES (69,'0704',N'Karatagi','TMC',7);
INSERT INTO Towns (KGISTownId,KGISCode,NameEN,TownType,DistrictId) VALUES (84,'0705',N'Koppal','CMC',7);
INSERT INTO Towns (KGISTownId,KGISCode,NameEN,TownType,DistrictId) VALUES (82,'0706',N'Kukanur','TP',7);
INSERT INTO Towns (KGISTownId,KGISCode,NameEN,TownType,DistrictId) VALUES (83,'0707',N'Kustagi','TMC',7);
INSERT INTO Towns (KGISTownId,KGISCode,NameEN,TownType,DistrictId) VALUES (140,'0708',N'Tavaragera','TP',7);
INSERT INTO Towns (KGISTownId,KGISCode,NameEN,TownType,DistrictId) VALUES (242,'0709',N'Yelburga','TP',7);
INSERT INTO Towns (KGISTownId,KGISCode,NameEN,TownType,DistrictId) VALUES (115,'0801',N'Gadag_Betageri','CMC',8);
INSERT INTO Towns (KGISTownId,KGISCode,NameEN,TownType,DistrictId) VALUES (114,'0802',N'Gajendragada','TMC',8);
INSERT INTO Towns (KGISTownId,KGISCode,NameEN,TownType,DistrictId) VALUES (113,'0803',N'Lakshmeshwara','TMC',8);
INSERT INTO Towns (KGISTownId,KGISCode,NameEN,TownType,DistrictId) VALUES (112,'0804',N'Mulagunda','TP',8);
INSERT INTO Towns (KGISTownId,KGISCode,NameEN,TownType,DistrictId) VALUES (154,'0805',N'Mundargi','TMC',8);
INSERT INTO Towns (KGISTownId,KGISCode,NameEN,TownType,DistrictId) VALUES (197,'0806',N'Naregal','TP',8);
INSERT INTO Towns (KGISTownId,KGISCode,NameEN,TownType,DistrictId) VALUES (196,'0807',N'Naragunda','TMC',8);
INSERT INTO Towns (KGISTownId,KGISCode,NameEN,TownType,DistrictId) VALUES (11,'0808',N'Ron','TMC',8);
INSERT INTO Towns (KGISTownId,KGISCode,NameEN,TownType,DistrictId) VALUES (6,'0809',N'Shirahatti','TP',8);
INSERT INTO Towns (KGISTownId,KGISCode,NameEN,TownType,DistrictId) VALUES (204,'0901',N'Alnavara','TP',9);
INSERT INTO Towns (KGISTownId,KGISCode,NameEN,TownType,DistrictId) VALUES (163,'0902',N'Annigeri','TMC',9);
INSERT INTO Towns (KGISTownId,KGISCode,NameEN,TownType,DistrictId) VALUES (283,'0903',N'Hubli Dharwad','CC',9);
INSERT INTO Towns (KGISTownId,KGISCode,NameEN,TownType,DistrictId) VALUES (199,'0904',N'Kalaghatagi','TP',9);
INSERT INTO Towns (KGISTownId,KGISCode,NameEN,TownType,DistrictId) VALUES (74,'0905',N'Kundagol','TP',9);
INSERT INTO Towns (KGISTownId,KGISCode,NameEN,TownType,DistrictId) VALUES (153,'0906',N'Navalagund','TMC',9);
INSERT INTO Towns (KGISTownId,KGISCode,NameEN,TownType,DistrictId) VALUES (96,'1001',N'Ankola','TMC',10);
INSERT INTO Towns (KGISTownId,KGISCode,NameEN,TownType,DistrictId) VALUES (192,'1002',N'Bhatkal','TMC',10);
INSERT INTO Towns (KGISTownId,KGISCode,NameEN,TownType,DistrictId) VALUES (32,'1003',N'Dandeli','CMC',10);
INSERT INTO Towns (KGISTownId,KGISCode,NameEN,TownType,DistrictId) VALUES (58,'1004',N'Haliyala','TMC',10);
INSERT INTO Towns (KGISTownId,KGISCode,NameEN,TownType,DistrictId) VALUES (201,'1005',N'Honnavara','TP',10);
INSERT INTO Towns (KGISTownId,KGISCode,NameEN,TownType,DistrictId) VALUES (200,'1006',N'JALI','TP',10);
INSERT INTO Towns (KGISTownId,KGISCode,NameEN,TownType,DistrictId) VALUES (67,'1007',N'Karwar','CMC',10);
INSERT INTO Towns (KGISTownId,KGISCode,NameEN,TownType,DistrictId) VALUES (65,'1008',N'Kumata','TMC',10);
INSERT INTO Towns (KGISTownId,KGISCode,NameEN,TownType,DistrictId) VALUES (198,'1009',N'Mundagod','TP',10);
INSERT INTO Towns (KGISTownId,KGISCode,NameEN,TownType,DistrictId) VALUES (172,'1010',N'Siddapura','TP',10);
INSERT INTO Towns (KGISTownId,KGISCode,NameEN,TownType,DistrictId) VALUES (193,'1011',N'Sirsi','CMC',10);
INSERT INTO Towns (KGISTownId,KGISCode,NameEN,TownType,DistrictId) VALUES (43,'1012',N'Yellapura','TP',10);
INSERT INTO Towns (KGISTownId,KGISCode,NameEN,TownType,DistrictId) VALUES (160,'1101',N'Bankapura','TMC',11);
INSERT INTO Towns (KGISTownId,KGISCode,NameEN,TownType,DistrictId) VALUES (106,'1102',N'Byadagi','TMC',11);
INSERT INTO Towns (KGISTownId,KGISCode,NameEN,TownType,DistrictId) VALUES (202,'1103',N'Guttal','TP',11);
INSERT INTO Towns (KGISTownId,KGISCode,NameEN,TownType,DistrictId) VALUES (105,'1104',N'Hanagal','TMC',11);
INSERT INTO Towns (KGISTownId,KGISCode,NameEN,TownType,DistrictId) VALUES (104,'1105',N'Haveri','CMC',11);
INSERT INTO Towns (KGISTownId,KGISCode,NameEN,TownType,DistrictId) VALUES (103,'1106',N'Hirekerur','TP',11);
INSERT INTO Towns (KGISTownId,KGISCode,NameEN,TownType,DistrictId) VALUES (150,'1107',N'Ranebennur','CMC',11);
INSERT INTO Towns (KGISTownId,KGISCode,NameEN,TownType,DistrictId) VALUES (194,'1108',N'Savanoor','TMC',11);
INSERT INTO Towns (KGISTownId,KGISCode,NameEN,TownType,DistrictId) VALUES (146,'1109',N'Shiggaon','TMC',11);
INSERT INTO Towns (KGISTownId,KGISCode,NameEN,TownType,DistrictId) VALUES (293,'1110',N'Rattihalli','TP',11);
INSERT INTO Towns (KGISTownId,KGISCode,NameEN,TownType,DistrictId) VALUES (41,'1201',N'Ballari','CC',12);
INSERT INTO Towns (KGISTownId,KGISCode,NameEN,TownType,DistrictId) VALUES (63,'1202',N'Kampli','TMC',12);
INSERT INTO Towns (KGISTownId,KGISCode,NameEN,TownType,DistrictId) VALUES (61,'1203',N'Kudathini','TP',12);
INSERT INTO Towns (KGISTownId,KGISCode,NameEN,TownType,DistrictId) VALUES (85,'1204',N'Kurekuppa','TMC',12);
INSERT INTO Towns (KGISTownId,KGISCode,NameEN,TownType,DistrictId) VALUES (52,'1205',N'Kurugodu','TMC',12);
INSERT INTO Towns (KGISTownId,KGISCode,NameEN,TownType,DistrictId) VALUES (47,'1206',N'Sandoor','TMC',12);
INSERT INTO Towns (KGISTownId,KGISCode,NameEN,TownType,DistrictId) VALUES (134,'1207',N'Siruguppa','CMC',12);
INSERT INTO Towns (KGISTownId,KGISCode,NameEN,TownType,DistrictId) VALUES (133,'1208',N'Tekkalakote','TP',12);
INSERT INTO Towns (KGISTownId,KGISCode,NameEN,TownType,DistrictId) VALUES (184,'1301',N'Challakere','CMC',13);
INSERT INTO Towns (KGISTownId,KGISCode,NameEN,TownType,DistrictId) VALUES (263,'1302',N'Chitradurga','CMC',13);
INSERT INTO Towns (KGISTownId,KGISCode,NameEN,TownType,DistrictId) VALUES (185,'1303',N'Hiriyur','CMC',13);
INSERT INTO Towns (KGISTownId,KGISCode,NameEN,TownType,DistrictId) VALUES (188,'1304',N'Holalkere','TMC',13);
INSERT INTO Towns (KGISTownId,KGISCode,NameEN,TownType,DistrictId) VALUES (187,'1305',N'Hosadurga','TMC',13);
INSERT INTO Towns (KGISTownId,KGISCode,NameEN,TownType,DistrictId) VALUES (272,'1306',N'Molakalmuru','TP',13);
INSERT INTO Towns (KGISTownId,KGISCode,NameEN,TownType,DistrictId) VALUES (50,'1307',N'Nayakanahatti','TP',13);
INSERT INTO Towns (KGISTownId,KGISCode,NameEN,TownType,DistrictId) VALUES (255,'1401',N'Channagiri','TMC',14);
INSERT INTO Towns (KGISTownId,KGISCode,NameEN,TownType,DistrictId) VALUES (269,'1402',N'Davanagere','CC',14);
INSERT INTO Towns (KGISTownId,KGISCode,NameEN,TownType,DistrictId) VALUES (253,'1403',N'Harihar','CMC',14);
INSERT INTO Towns (KGISTownId,KGISCode,NameEN,TownType,DistrictId) VALUES (254,'1404',N'Honnali','TMC',14);
INSERT INTO Towns (KGISTownId,KGISCode,NameEN,TownType,DistrictId) VALUES (116,'1405',N'Jagalur','TP',14);
INSERT INTO Towns (KGISTownId,KGISCode,NameEN,TownType,DistrictId) VALUES (252,'1406',N'Malebennuru','TMC',14);
INSERT INTO Towns (KGISTownId,KGISCode,NameEN,TownType,DistrictId) VALUES (295,'1407',N'Nyamthi','TP',14);
INSERT INTO Towns (KGISTownId,KGISCode,NameEN,TownType,DistrictId) VALUES (166,'1501',N'Bhadravathi','CMC',15);
INSERT INTO Towns (KGISTownId,KGISCode,NameEN,TownType,DistrictId) VALUES (260,'1502',N'Hosanagara','TP',15);
INSERT INTO Towns (KGISTownId,KGISCode,NameEN,TownType,DistrictId) VALUES (88,'1503',N'Kargal','TP',15);
INSERT INTO Towns (KGISTownId,KGISCode,NameEN,TownType,DistrictId) VALUES (262,'1504',N'Sagara','CMC',15);
INSERT INTO Towns (KGISTownId,KGISCode,NameEN,TownType,DistrictId) VALUES (265,'1505',N'Shikaripura','TMC',15);
INSERT INTO Towns (KGISTownId,KGISCode,NameEN,TownType,DistrictId) VALUES (46,'1506',N'Shirlakoppa','TMC',15);
INSERT INTO Towns (KGISTownId,KGISCode,NameEN,TownType,DistrictId) VALUES (236,'1507',N'Shivamogga','CC',15);
INSERT INTO Towns (KGISTownId,KGISCode,NameEN,TownType,DistrictId) VALUES (12,'1508',N'Soraba','TMC',15);
INSERT INTO Towns (KGISTownId,KGISCode,NameEN,TownType,DistrictId) VALUES (182,'1509',N'Thirthahalli','TP',15);
INSERT INTO Towns (KGISTownId,KGISCode,NameEN,TownType,DistrictId) VALUES (292,'1510',N'Anavatti','TP',15);
INSERT INTO Towns (KGISTownId,KGISCode,NameEN,TownType,DistrictId) VALUES (294,'1511',N'Holehonnuru','TP',15);
INSERT INTO Towns (KGISTownId,KGISCode,NameEN,TownType,DistrictId) VALUES (79,'1601',N'Karkala','TMC',16);
INSERT INTO Towns (KGISTownId,KGISCode,NameEN,TownType,DistrictId) VALUES (72,'1602',N'Kaup','TMC',16);
INSERT INTO Towns (KGISTownId,KGISCode,NameEN,TownType,DistrictId) VALUES (78,'1603',N'Kundapur','TMC',16);
INSERT INTO Towns (KGISTownId,KGISCode,NameEN,TownType,DistrictId) VALUES (276,'1604',N'Saligrama','TP',16);
INSERT INTO Towns (KGISTownId,KGISCode,NameEN,TownType,DistrictId) VALUES (168,'1605',N'Udupi','CMC',16);
INSERT INTO Towns (KGISTownId,KGISCode,NameEN,TownType,DistrictId) VALUES (17,'1606',N'Bynduru','TP',16);
INSERT INTO Towns (KGISTownId,KGISCode,NameEN,TownType,DistrictId) VALUES (186,'1701',N'Birur','TMC',17);
INSERT INTO Towns (KGISTownId,KGISCode,NameEN,TownType,DistrictId) VALUES (91,'1702',N'Chickamagaluru','CMC',17);
INSERT INTO Towns (KGISTownId,KGISCode,NameEN,TownType,DistrictId) VALUES (165,'1703',N'Kadur','TMC',17);
INSERT INTO Towns (KGISTownId,KGISCode,NameEN,TownType,DistrictId) VALUES (71,'1704',N'Koppa','TP',17);
INSERT INTO Towns (KGISTownId,KGISCode,NameEN,TownType,DistrictId) VALUES (175,'1705',N'Mudigere','TP',17);
INSERT INTO Towns (KGISTownId,KGISCode,NameEN,TownType,DistrictId) VALUES (117,'1706',N'Narasimharajapura','TP',17);
INSERT INTO Towns (KGISTownId,KGISCode,NameEN,TownType,DistrictId) VALUES (208,'1707',N'Shringeri','TP',17);
INSERT INTO Towns (KGISTownId,KGISCode,NameEN,TownType,DistrictId) VALUES (183,'1708',N'Tarikere','TMC',17);
INSERT INTO Towns (KGISTownId,KGISCode,NameEN,TownType,DistrictId) VALUES (219,'1709',N'Ajjampura','TP',17);
INSERT INTO Towns (KGISTownId,KGISCode,NameEN,TownType,DistrictId) VALUES (215,'1710',N'Kuderemukha','NAC',17);
INSERT INTO Towns (KGISTownId,KGISCode,NameEN,TownType,DistrictId) VALUES (93,'1801',N'Chikkanayakanahalli','TMC',18);
INSERT INTO Towns (KGISTownId,KGISCode,NameEN,TownType,DistrictId) VALUES (267,'1802',N'Gubbi','TP',18);
INSERT INTO Towns (KGISTownId,KGISCode,NameEN,TownType,DistrictId) VALUES (86,'1803',N'Koratagere','TP',18);
INSERT INTO Towns (KGISTownId,KGISCode,NameEN,TownType,DistrictId) VALUES (77,'1805',N'Kunigal','TMC',18);
INSERT INTO Towns (KGISTownId,KGISCode,NameEN,TownType,DistrictId) VALUES (273,'1806',N'Madhugiri','TMC',18);
INSERT INTO Towns (KGISTownId,KGISCode,NameEN,TownType,DistrictId) VALUES (97,'1807',N'Pavagada','TMC',18);
INSERT INTO Towns (KGISTownId,KGISCode,NameEN,TownType,DistrictId) VALUES (264,'1808',N'Sira','CMC',18);
INSERT INTO Towns (KGISTownId,KGISCode,NameEN,TownType,DistrictId) VALUES (248,'1809',N'Tiptur','CMC',18);
INSERT INTO Towns (KGISTownId,KGISCode,NameEN,TownType,DistrictId) VALUES (249,'1810',N'Tumakuru','CC',18);
INSERT INTO Towns (KGISTownId,KGISCode,NameEN,TownType,DistrictId) VALUES (271,'1811',N'Turuvekere','TP',18);
INSERT INTO Towns (KGISTownId,KGISCode,NameEN,TownType,DistrictId) VALUES (274,'1812',N'Huliyaru','TP',18);
INSERT INTO Towns (KGISTownId,KGISCode,NameEN,TownType,DistrictId) VALUES (239,'1901',N'Bangarpet','TMC',19);
INSERT INTO Towns (KGISTownId,KGISCode,NameEN,TownType,DistrictId) VALUES (89,'1902',N'Kolar','CMC',19);
INSERT INTO Towns (KGISTownId,KGISCode,NameEN,TownType,DistrictId) VALUES (237,'1903',N'Malur','TMC',19);
INSERT INTO Towns (KGISTownId,KGISCode,NameEN,TownType,DistrictId) VALUES (251,'1904',N'Mulbagilu','CMC',19);
INSERT INTO Towns (KGISTownId,KGISCode,NameEN,TownType,DistrictId) VALUES (247,'1905',N'Robertsonpet','CMC',19);
INSERT INTO Towns (KGISTownId,KGISCode,NameEN,TownType,DistrictId) VALUES (250,'1906',N'Srinivasapura','TMC',19);
INSERT INTO Towns (KGISTownId,KGISCode,NameEN,TownType,DistrictId) VALUES (256,'2001',N'Anekal','TMC',20);
INSERT INTO Towns (KGISTownId,KGISCode,NameEN,TownType,DistrictId) VALUES (129,'2002',N'Attibele','TMC',20);
INSERT INTO Towns (KGISTownId,KGISCode,NameEN,TownType,DistrictId) VALUES (277,'2003',N'Bbmp','CC',20);
INSERT INTO Towns (KGISTownId,KGISCode,NameEN,TownType,DistrictId) VALUES (26,'2004',N'Bommasandra','TMC',20);
INSERT INTO Towns (KGISTownId,KGISCode,NameEN,TownType,DistrictId) VALUES (25,'2005',N'Chandapura','TMC',20);
INSERT INTO Towns (KGISTownId,KGISCode,NameEN,TownType,DistrictId) VALUES (24,'2006',N'Hebbagodi','CMC',20);
INSERT INTO Towns (KGISTownId,KGISCode,NameEN,TownType,DistrictId) VALUES (257,'2007',N'Jigani','TMC',20);
INSERT INTO Towns (KGISTownId,KGISCode,NameEN,TownType,DistrictId) VALUES (290,'2008',N'Hunasemaarana Halli','TMC',20);
INSERT INTO Towns (KGISTownId,KGISCode,NameEN,TownType,DistrictId) VALUES (291,'2009',N'Madanayakanahalli','CMC',20);
INSERT INTO Towns (KGISTownId,KGISCode,NameEN,TownType,DistrictId) VALUES (306,'2010',N'Chikkabanavara','TMC',20);
INSERT INTO Towns (KGISTownId,KGISCode,NameEN,TownType,DistrictId) VALUES (132,'2101',N'Devanahalli','TMC',21);
INSERT INTO Towns (KGISTownId,KGISCode,NameEN,TownType,DistrictId) VALUES (131,'2102',N'Doddaballapur','CMC',21);
INSERT INTO Towns (KGISTownId,KGISCode,NameEN,TownType,DistrictId) VALUES (28,'2103',N'Hoskote','CMC',21);
INSERT INTO Towns (KGISTownId,KGISCode,NameEN,TownType,DistrictId) VALUES (2,'2104',N'Nelmangala','CMC',21);
INSERT INTO Towns (KGISTownId,KGISCode,NameEN,TownType,DistrictId) VALUES (130,'2105',N'Vijayapura','TMC',21);
INSERT INTO Towns (KGISTownId,KGISCode,NameEN,TownType,DistrictId) VALUES (296,'2106',N'Bashettihalli','TP',21);
INSERT INTO Towns (KGISTownId,KGISCode,NameEN,TownType,DistrictId) VALUES (68,'2201',N'Krishnarajapete','TMC',22);
INSERT INTO Towns (KGISTownId,KGISCode,NameEN,TownType,DistrictId) VALUES (214,'2202',N'Maddur','TMC',22);
INSERT INTO Towns (KGISTownId,KGISCode,NameEN,TownType,DistrictId) VALUES (51,'2203',N'Malavalli','TMC',22);
INSERT INTO Towns (KGISTownId,KGISCode,NameEN,TownType,DistrictId) VALUES (18,'2204',N'Mandya','CMC',22);
INSERT INTO Towns (KGISTownId,KGISCode,NameEN,TownType,DistrictId) VALUES (174,'2205',N'Nagamangala','TMC',22);
INSERT INTO Towns (KGISTownId,KGISCode,NameEN,TownType,DistrictId) VALUES (212,'2206',N'Pandavapura','TMC',22);
INSERT INTO Towns (KGISTownId,KGISCode,NameEN,TownType,DistrictId) VALUES (171,'2207',N'Srirangapatna','TMC',22);
INSERT INTO Towns (KGISTownId,KGISCode,NameEN,TownType,DistrictId) VALUES (42,'2208',N'Belluru','TP',22);
INSERT INTO Towns (KGISTownId,KGISCode,NameEN,TownType,DistrictId) VALUES (111,'2301',N'Alur','TP',23);
INSERT INTO Towns (KGISTownId,KGISCode,NameEN,TownType,DistrictId) VALUES (181,'2302',N'Arkalgudu','TP',23);
INSERT INTO Towns (KGISTownId,KGISCode,NameEN,TownType,DistrictId) VALUES (110,'2303',N'Arsikere','CMC',23);
INSERT INTO Towns (KGISTownId,KGISCode,NameEN,TownType,DistrictId) VALUES (109,'2304',N'Belur','TMC',23);
INSERT INTO Towns (KGISTownId,KGISCode,NameEN,TownType,DistrictId) VALUES (92,'2305',N'Channarayanapatna','TMC',23);
INSERT INTO Towns (KGISTownId,KGISCode,NameEN,TownType,DistrictId) VALUES (179,'2306',N'Hassan','CMC',23);
INSERT INTO Towns (KGISTownId,KGISCode,NameEN,TownType,DistrictId) VALUES (108,'2307',N'Holenarsipura','TMC',23);
INSERT INTO Towns (KGISTownId,KGISCode,NameEN,TownType,DistrictId) VALUES (107,'2308',N'Sakaleshpura','TMC',23);
INSERT INTO Towns (KGISTownId,KGISCode,NameEN,TownType,DistrictId) VALUES (218,'2401',N'Bantwal','TMC',24);
INSERT INTO Towns (KGISTownId,KGISCode,NameEN,TownType,DistrictId) VALUES (217,'2402',N'Belthangadi','TP',24);
INSERT INTO Towns (KGISTownId,KGISCode,NameEN,TownType,DistrictId) VALUES (70,'2403',N'Kotekar','TP',24);
INSERT INTO Towns (KGISTownId,KGISCode,NameEN,TownType,DistrictId) VALUES (278,'2404',N'Mangaluru','CC',24);
INSERT INTO Towns (KGISTownId,KGISCode,NameEN,TownType,DistrictId) VALUES (19,'2405',N'Moodbidri','TMC',24);
INSERT INTO Towns (KGISTownId,KGISCode,NameEN,TownType,DistrictId) VALUES (213,'2406',N'Mulki','TP',24);
INSERT INTO Towns (KGISTownId,KGISCode,NameEN,TownType,DistrictId) VALUES (211,'2407',N'Puttur','CMC',24);
INSERT INTO Towns (KGISTownId,KGISCode,NameEN,TownType,DistrictId) VALUES (170,'2408',N'Sulya','TP',24);
INSERT INTO Towns (KGISTownId,KGISCode,NameEN,TownType,DistrictId) VALUES (190,'2409',N'Ullal','CMC',24);
INSERT INTO Towns (KGISTownId,KGISCode,NameEN,TownType,DistrictId) VALUES (206,'2410',N'Vitla','TP',24);
INSERT INTO Towns (KGISTownId,KGISCode,NameEN,TownType,DistrictId) VALUES (38,'2411',N'Kadaba','TP',24);
INSERT INTO Towns (KGISTownId,KGISCode,NameEN,TownType,DistrictId) VALUES (209,'2412',N'Someshwara','TMC',24);
INSERT INTO Towns (KGISTownId,KGISCode,NameEN,TownType,DistrictId) VALUES (297,'2413',N'Kinnigoli','TP',24);
INSERT INTO Towns (KGISTownId,KGISCode,NameEN,TownType,DistrictId) VALUES (300,'2414',N'Bajape','TP',24);
INSERT INTO Towns (KGISTownId,KGISCode,NameEN,TownType,DistrictId) VALUES (177,'2501',N'Kushalnagara','TP',25);
INSERT INTO Towns (KGISTownId,KGISCode,NameEN,TownType,DistrictId) VALUES (176,'2502',N'Madikere','CMC',25);
INSERT INTO Towns (KGISTownId,KGISCode,NameEN,TownType,DistrictId) VALUES (210,'2503',N'Somvarpet','TP',25);
INSERT INTO Towns (KGISTownId,KGISCode,NameEN,TownType,DistrictId) VALUES (207,'2504',N'Virajpet','TMC',25);
INSERT INTO Towns (KGISTownId,KGISCode,NameEN,TownType,DistrictId) VALUES (7,'2601',N'Bannur','TMC',26);
INSERT INTO Towns (KGISTownId,KGISCode,NameEN,TownType,DistrictId) VALUES (180,'2602',N'H.D.Kote','TMC',26);
INSERT INTO Towns (KGISTownId,KGISCode,NameEN,TownType,DistrictId) VALUES (216,'2603',N'Hunsur','CMC',26);
INSERT INTO Towns (KGISTownId,KGISCode,NameEN,TownType,DistrictId) VALUES (14,'2604',N'K.R.Nagar','TMC',26);
INSERT INTO Towns (KGISTownId,KGISCode,NameEN,TownType,DistrictId) VALUES (284,'2605',N'Mysuru','CC',26);
INSERT INTO Towns (KGISTownId,KGISCode,NameEN,TownType,DistrictId) VALUES (3,'2606',N'Nanjanagud','CMC',26);
INSERT INTO Towns (KGISTownId,KGISCode,NameEN,TownType,DistrictId) VALUES (8,'2607',N'Periyapatna','TMC',26);
INSERT INTO Towns (KGISTownId,KGISCode,NameEN,TownType,DistrictId) VALUES (173,'2608',N'Sargur','TP',26);
INSERT INTO Towns (KGISTownId,KGISCode,NameEN,TownType,DistrictId) VALUES (169,'2609',N'T.Narasipura','TMC',26);
INSERT INTO Towns (KGISTownId,KGISCode,NameEN,TownType,DistrictId) VALUES (301,'2610',N'Bogadi','TP',26);
INSERT INTO Towns (KGISTownId,KGISCode,NameEN,TownType,DistrictId) VALUES (302,'2611',N'Hootagalli','CMC',26);
INSERT INTO Towns (KGISTownId,KGISCode,NameEN,TownType,DistrictId) VALUES (303,'2612',N'Kadakola','TP',26);
INSERT INTO Towns (KGISTownId,KGISCode,NameEN,TownType,DistrictId) VALUES (304,'2613',N'Rammanahalli','TP',26);
INSERT INTO Towns (KGISTownId,KGISCode,NameEN,TownType,DistrictId) VALUES (305,'2614',N'Srirampura','TP',26);
INSERT INTO Towns (KGISTownId,KGISCode,NameEN,TownType,DistrictId) VALUES (39,'2701',N'Chamarajanagara','CMC',27);
INSERT INTO Towns (KGISTownId,KGISCode,NameEN,TownType,DistrictId) VALUES (119,'2702',N'GUNDLUPETE','TMC',27);
INSERT INTO Towns (KGISTownId,KGISCode,NameEN,TownType,DistrictId) VALUES (57,'2703',N'Hannur','TP',27);
INSERT INTO Towns (KGISTownId,KGISCode,NameEN,TownType,DistrictId) VALUES (178,'2704',N'Kollegal','CMC',27);
INSERT INTO Towns (KGISTownId,KGISCode,NameEN,TownType,DistrictId) VALUES (167,'2705',N'Yelandur','TP',27);
INSERT INTO Towns (KGISTownId,KGISCode,NameEN,TownType,DistrictId) VALUES (118,'2801',N'Bagepalli','TMC',28);
INSERT INTO Towns (KGISTownId,KGISCode,NameEN,TownType,DistrictId) VALUES (270,'2802',N'Chikkaballapur','CMC',28);
INSERT INTO Towns (KGISTownId,KGISCode,NameEN,TownType,DistrictId) VALUES (268,'2803',N'Chintamani','CMC',28);
INSERT INTO Towns (KGISTownId,KGISCode,NameEN,TownType,DistrictId) VALUES (238,'2804',N'Gowribidanur','CMC',28);
INSERT INTO Towns (KGISTownId,KGISCode,NameEN,TownType,DistrictId) VALUES (266,'2805',N'Gudibande','TP',28);
INSERT INTO Towns (KGISTownId,KGISCode,NameEN,TownType,DistrictId) VALUES (258,'2806',N'Shidlaghatta','CMC',28);
INSERT INTO Towns (KGISTownId,KGISCode,NameEN,TownType,DistrictId) VALUES (98,'2901',N'Bidadi','TMC',29);
INSERT INTO Towns (KGISTownId,KGISCode,NameEN,TownType,DistrictId) VALUES (275,'2902',N'Channapatna','CMC',29);
INSERT INTO Towns (KGISTownId,KGISCode,NameEN,TownType,DistrictId) VALUES (87,'2903',N'Kanakapura','CMC',29);
INSERT INTO Towns (KGISTownId,KGISCode,NameEN,TownType,DistrictId) VALUES (261,'2904',N'Magadi','TMC',29);
INSERT INTO Towns (KGISTownId,KGISCode,NameEN,TownType,DistrictId) VALUES (259,'2905',N'Ramanagara','CMC',29);
INSERT INTO Towns (KGISTownId,KGISCode,NameEN,TownType,DistrictId) VALUES (229,'3001',N'Gurumatkal','TMC',30);
INSERT INTO Towns (KGISTownId,KGISCode,NameEN,TownType,DistrictId) VALUES (81,'3002',N'Kakkera','TMC',30);
INSERT INTO Towns (KGISTownId,KGISCode,NameEN,TownType,DistrictId) VALUES (75,'3003',N'Kembhavi','TMC',30);
INSERT INTO Towns (KGISTownId,KGISCode,NameEN,TownType,DistrictId) VALUES (221,'3004',N'Shahapura','CMC',30);
INSERT INTO Towns (KGISTownId,KGISCode,NameEN,TownType,DistrictId) VALUES (45,'3005',N'Shorapura_Surapura','CMC',30);
INSERT INTO Towns (KGISTownId,KGISCode,NameEN,TownType,DistrictId) VALUES (240,'3006',N'Yadgir','CMC',30);
INSERT INTO Towns (KGISTownId,KGISCode,NameEN,TownType,DistrictId) VALUES (232,'3007',N'Hunasagi','TP',30);
INSERT INTO Towns (KGISTownId,KGISCode,NameEN,TownType,DistrictId) VALUES (4,'3008',N'Bheemarayangudi','NAC',30);
INSERT INTO Towns (KGISTownId,KGISCode,NameEN,TownType,DistrictId) VALUES (135,'3101',N'Mariyammanahalli','TP',31);
INSERT INTO Towns (KGISTownId,KGISCode,NameEN,TownType,DistrictId) VALUES (138,'3102',N'Hagaribommanahalli','TMC',31);
INSERT INTO Towns (KGISTownId,KGISCode,NameEN,TownType,DistrictId) VALUES (56,'3103',N'Harapanahalli','TMC',31);
INSERT INTO Towns (KGISTownId,KGISCode,NameEN,TownType,DistrictId) VALUES (137,'3104',N'Hoovina Hadagali','TMC',31);
INSERT INTO Towns (KGISTownId,KGISCode,NameEN,TownType,DistrictId) VALUES (55,'3105',N'Hospet','CMC',31);
INSERT INTO Towns (KGISTownId,KGISCode,NameEN,TownType,DistrictId) VALUES (136,'3106',N'Kamalapura','TMC',31);
INSERT INTO Towns (KGISTownId,KGISCode,NameEN,TownType,DistrictId) VALUES (80,'3107',N'Kudalagi','TP',31);
INSERT INTO Towns (KGISTownId,KGISCode,NameEN,TownType,DistrictId) VALUES (62,'3108',N'Kottur','TP',31);

-- ✅ Done! Verify:
SELECT 'Districts' tbl, COUNT(*) cnt FROM Districts
UNION ALL SELECT 'Taluks', COUNT(*) FROM Taluks
UNION ALL SELECT 'Hoblis', COUNT(*) FROM Hoblis
UNION ALL SELECT 'Towns',  COUNT(*) FROM Towns;